-- MySQL dump 10.16  Distrib 10.1.25-MariaDB, for Win32 (AMD64)
--
-- Host: localhost    Database: lemuria
-- ------------------------------------------------------
-- Server version	10.1.25-MariaDB

/*!40101 SET @OLD_CHARACTER_SET_CLIENT=@@CHARACTER_SET_CLIENT */;
/*!40101 SET @OLD_CHARACTER_SET_RESULTS=@@CHARACTER_SET_RESULTS */;
/*!40101 SET @OLD_COLLATION_CONNECTION=@@COLLATION_CONNECTION */;
/*!40101 SET NAMES utf8 */;
/*!40103 SET @OLD_TIME_ZONE=@@TIME_ZONE */;
/*!40103 SET TIME_ZONE='+00:00' */;
/*!40014 SET @OLD_UNIQUE_CHECKS=@@UNIQUE_CHECKS, UNIQUE_CHECKS=0 */;
/*!40014 SET @OLD_FOREIGN_KEY_CHECKS=@@FOREIGN_KEY_CHECKS, FOREIGN_KEY_CHECKS=0 */;
/*!40101 SET @OLD_SQL_MODE=@@SQL_MODE, SQL_MODE='NO_AUTO_VALUE_ON_ZERO' */;
/*!40111 SET @OLD_SQL_NOTES=@@SQL_NOTES, SQL_NOTES=0 */;

--
-- Table structure for table `categoria`
--

DROP TABLE IF EXISTS `categoria`;
/*!40101 SET @saved_cs_client     = @@character_set_client */;
/*!40101 SET character_set_client = utf8 */;
CREATE TABLE `categoria` (
  `CategoriaId` int(11) NOT NULL AUTO_INCREMENT,
  `Descripcion` varchar(50) NOT NULL,
  `SucursalId` int(11) NOT NULL,
  `EstatusId` int(11) NOT NULL,
  `Subcategoria` varchar(250) NOT NULL,
  PRIMARY KEY (`CategoriaId`),
  KEY `EstatusId` (`EstatusId`),
  KEY `SucursalId` (`SucursalId`),
  CONSTRAINT `EstatusId` FOREIGN KEY (`EstatusId`) REFERENCES `estatus` (`EstatusId`) ON DELETE CASCADE ON UPDATE CASCADE,
  CONSTRAINT `SucursalId` FOREIGN KEY (`SucursalId`) REFERENCES `sucursal` (`SucursalId`) ON DELETE CASCADE ON UPDATE CASCADE
) ENGINE=InnoDB AUTO_INCREMENT=16 DEFAULT CHARSET=latin1;
/*!40101 SET character_set_client = @saved_cs_client */;

--
-- Dumping data for table `categoria`
--

LOCK TABLES `categoria` WRITE;
/*!40000 ALTER TABLE `categoria` DISABLE KEYS */;
INSERT INTO `categoria` VALUES (1,'Bebidas FrÍas',1,1,'Bebidas'),(2,'Bebidas Calientes',1,1,'Bebidas'),(4,'Frappés',1,1,'Bebidas'),(5,'Crepas Japonezas',1,1,'Alimentos'),(7,'Crepas Saladas',1,1,'Alimentos'),(8,'Tisanas',1,2,'Bebidas'),(9,'Malteadas',1,1,'Bebidas'),(10,'Smoothies',1,2,'Bebidas'),(11,'Crepas Francesas',1,1,'Alimentos'),(12,'Crepas Maki (Sushi)',1,1,'Alimentos'),(13,'Postres',1,1,'Alimentos'),(14,'Frappés Especiales',1,1,'Bebidas'),(15,'Especialidades',1,1,'Bebidas');
/*!40000 ALTER TABLE `categoria` ENABLE KEYS */;
UNLOCK TABLES;

--
-- Table structure for table `clientes`
--

DROP TABLE IF EXISTS `clientes`;
/*!40101 SET @saved_cs_client     = @@character_set_client */;
/*!40101 SET character_set_client = utf8 */;
CREATE TABLE `clientes` (
  `ClienteId` varchar(32) NOT NULL,
  `Cliente` varchar(250) NOT NULL,
  `Telefono` varchar(15) NOT NULL,
  `activo` tinyint(1) NOT NULL,
  `EstatusId` int(11) NOT NULL,
  `SucursalId` int(11) NOT NULL,
  PRIMARY KEY (`ClienteId`),
  KEY `clientes_estatus` (`EstatusId`),
  KEY `cliente_sucursal` (`SucursalId`),
  CONSTRAINT `cliente_sucursal` FOREIGN KEY (`SucursalId`) REFERENCES `sucursal` (`SucursalId`) ON DELETE CASCADE ON UPDATE CASCADE,
  CONSTRAINT `clientes_estatus` FOREIGN KEY (`EstatusId`) REFERENCES `estatus` (`EstatusId`) ON DELETE CASCADE ON UPDATE CASCADE
) ENGINE=InnoDB DEFAULT CHARSET=latin1;
/*!40101 SET character_set_client = @saved_cs_client */;

--
-- Dumping data for table `clientes`
--

LOCK TABLES `clientes` WRITE;
/*!40000 ALTER TABLE `clientes` DISABLE KEYS */;
INSERT INTO `clientes` VALUES ('c093f5597124c44809e2393365326c16','Alejandro','7475095001',1,1,1),('c0cf3a2d6f8304e6dab6ec7ef1129173','4','4',1,1,1),('c24e88ccbcafd47e684b7db0ff222a55','1','1',1,1,1),('c2dc7d0cfe9ab436b9cc8c6359f11dba','Wendy','7471609286',1,1,1),('c3e7dee439eab4fe2b17f1b6ecb5a006','Carlos','7471194425',1,1,1),('c55358c463e1a4365ad1ef822010fee5','José Flores','7471946869',1,1,1),('c6234bafde05d430ab62abfbfea2e278','2','12345',1,1,1),('c6ebbc54cd85e4d9890d7f6a114f8a27','Gloria','7471323489',1,1,1),('c7f56d30671dc4e3fb4607910b855f41','Jaime Peralta','7471427400',1,1,1),('c874364c20e5646c5afc397c2918d64f','Jorge Sunny','7471156735',1,1,1),('c891fe33f45fb48abbfff56a483562db','5','5',1,1,1),('c9b0474612bbd4c308ee25ff41fbaf36','Mayte','7472254554',1,1,1),('cb6bd057006c04ea3a7c067515dad179','Ricardo','7471216341',1,1,1),('cbd6f5fc1994e46c5ab4e726d47191a2','Erika','7471322854',1,1,1),('cd36e1f65623943e6b94e8e447ef651a','Araceli','7471367455',1,1,1),('cef3f587abd6e4c61b0feb30756e30aa','3','3',1,1,1);
/*!40000 ALTER TABLE `clientes` ENABLE KEYS */;
UNLOCK TABLES;

--
-- Table structure for table `cuenta_promocion_aplicar`
--

DROP TABLE IF EXISTS `cuenta_promocion_aplicar`;
/*!40101 SET @saved_cs_client     = @@character_set_client */;
/*!40101 SET character_set_client = utf8 */;
CREATE TABLE `cuenta_promocion_aplicar` (
  `cuenta_promocion_aplicarId` int(11) NOT NULL AUTO_INCREMENT,
  `CuentaId` varchar(32) NOT NULL,
  `PromocionId` varchar(32) NOT NULL,
  `desc_especial` int(11) NOT NULL,
  PRIMARY KEY (`cuenta_promocion_aplicarId`)
) ENGINE=InnoDB AUTO_INCREMENT=773 DEFAULT CHARSET=latin1;
/*!40101 SET character_set_client = @saved_cs_client */;

--
-- Dumping data for table `cuenta_promocion_aplicar`
--

LOCK TABLES `cuenta_promocion_aplicar` WRITE;
/*!40000 ALTER TABLE `cuenta_promocion_aplicar` DISABLE KEYS */;
INSERT INTO `cuenta_promocion_aplicar` VALUES (1,'0fd2ab4f45da415fa810b37714689513','fdf674235a0048e7bc561132bf7110f0',15),(2,'63deaeb30f884befb9848f2fa341656d','70d2e51ca5aa460fadf7d8c80fdd2fee',10),(3,'9a633159336a4f9a94216a0be8b2dae6','0',0),(4,'42a22a3f9b5d44a3a00a0828e7e90033','0',0),(5,'58f3b3b679034b9599d811cefa605efa','0',0),(6,'666da7671b5d4b59813e12e9cd23be64','0',0),(7,'3ccb21a4dd2140dd8b7a08f52250e09c','0',0),(8,'8070e5853dcc4e298675e8e9db94e1c1','0',0),(9,'eee952d508644d17856684cacda55dbc','0',0),(10,'6ed72f24403c4dc5a2708d0cecaaf165','0',0),(11,'adba2d07f80a43d7b5c636ab74ad7415','0',0),(12,'7c19fac032e641aaa12b3c1220cf33eb','0',0),(13,'a81b7281de5f40378beaf006cca520a8','0',0),(14,'ca1e64500b074882a656e38e2c6694a0','0',0),(15,'218d206b676c4457b1ff00d763fab67f','0',0),(16,'d3bcc811369a4d54b57bbc64e9fda555','0',0),(17,'b2538d3161174f32804eab825ea105ba','0',0),(18,'b406d2e66d7d40f4894d12e11a7b365c','0',0),(19,'a6195a8321cd4825aeb41b2ad1002126','0',0),(20,'fed3fc042692446cb9bd61a15912b7c8','0',0),(21,'b500f014ef2746ff95281affaf16ddaf','0',0),(22,'12f22925d71841aeb6eca94b94198d68','0',0),(23,'bf0ab41808114e63a9f850919d621a69','0',0),(24,'df2096cfd0cf499fb2abcb8d3d5ca2af','0',0),(25,'6c146acfaa9345a8879a5b21249553d4','0',0),(26,'3ac9ae66a67046cc873ccc82a65d6a83','0',0),(27,'56ccfa1d92bf4184b0d6ee95eb104736','e9b2bf77328c4cee9568e7ff93bcc277',0),(28,'26455d07c4cf4da8a745552a45bf06c4','0',0),(29,'e138bd5e4b74436d85adac1f421d0c24','0',0),(30,'7e84a8d1c15447fa9149aef7da09b1ef','0',0),(31,'042cfd6c64694c74921d651b39ab5087','0',0),(32,'c7c6a5cf85e14f5f82f09cb1ff2a3d9c','0',0),(33,'a5f1e7542e82447589630ec9d6f5063e','0',0),(34,'b69b4329014349e4a1be3721af7d5137','0',0),(35,'883810ce77a643fbb3648c762fb76097','0',0),(36,'f126ff61bc264cbe95dfcaaa6624ae1b','0',0),(37,'6dbd77bf21974505a4efceb6e918875a','0',0),(38,'1667c2b2b54e4403871b6d061f37f57c','0',0),(39,'e578f90705504d69a60f96a54880451a','0',0),(40,'2081d1a1a6b04934ba93018e30efcf71','0',0),(41,'83cb76c05bbe4789b01191f7446b1705','0',0),(42,'aaad11a455cb425ebaf52df1c31ef076','0',0),(43,'76d8b421d20d4232a71bc088dcd3123a','0',0),(44,'72f17a5e67824b099711c2ca3c6394a2','0',0),(45,'c61dfd9bdb3a44f9b45fb8e8055c03cd','0',0),(46,'6809ce02773f4493a8162cb6b62815b6','0',0),(47,'437c32d78d754ba4a5fadf862f15202d','0',0),(48,'1260b202cd244a7a80210e685c696cde','0',0),(49,'06bfb5690cd44069bbf3cdde8cf109fb','0',0),(50,'371e24eb04c745f2b4e4c3465284b6ee','0',0),(51,'89ce8146bb724d40bd8b78548cc16fad','0',0),(52,'76b318e143a34592ab4dd22b5ab90a68','0',0),(53,'15de3d11ead7466cbb1559ad3b357ebe','0',0),(54,'779d95ede3a84030a54858a855b4e1d8','0',0),(55,'4b9509eb320d4080b563702459eb2c0f','0',0),(56,'63e5b503099c4978bffeafafa20ec6ed','0',0),(57,'a0796b665b06445e84673f59bdd81fb6','e9b2bf77328c4cee9568e7ff93bcc277',0),(58,'cdbe72ea7a2b451abeb27e0d2e5323ab','e9b2bf77328c4cee9568e7ff93bcc277',0),(59,'830031a384c8468daa22ff6d7d9c0a3e','e9b2bf77328c4cee9568e7ff93bcc277',0),(60,'d65fdc0548134e00aa3436ab31a889cc','e9b2bf77328c4cee9568e7ff93bcc277',0),(61,'9363955aa38243258b6d9cf01278e752','e9b2bf77328c4cee9568e7ff93bcc277',0),(62,'19db1bcec2c84c1cb1dd5179ca74cdf2','0',0),(63,'35c2ff963c224496b632c7cd07c35498','0',0),(64,'e96daa86808e4ff6a101189bdfb67d1e','0',0),(65,'b743db18c43943e8a21214c874743e59','0',0),(66,'eea8626d314b404ca8f308303b33a069','0',0),(67,'c6e0216263fb400084d197fb8f06a6a7','0',0),(68,'c67f4b2a50984b06aa1dbe7f7d9c5e26','0',0),(69,'49e25a3eee804c46853e5e45e9a23de3','0',0),(70,'c1b8fb0243e2473eb9852449ae528eda','0',0),(71,'22eba957001f4df698b016ab66143589','0',0),(72,'f4e2a099295b4ce89fb25217788ba537','0',0),(73,'2df0daa31f1741b8bcf2df8e5b36d594','e9b2bf77328c4cee9568e7ff93bcc277',0),(74,'2727307fc01b403a9cf24c526c7c600b','0',0),(75,'58538f5cf1d54f829f3ea83e8b4001d1','0',0),(76,'b0b6d70dbf0949f68ad6e3e1e8aae79e','0',0),(77,'8d2a6bf47a4d4ad79f991726866bf5e4','0',0),(78,'e2fc2308a0304d4fbd2bf26f3cec06d5','0',0),(79,'7d4c6238a79a4966ba33f0d8bbb94192','0',0),(80,'78eac4f4ea794e76bb2cce6a22ead77d','0',0),(81,'354d2413ad844b38b26b63c5d3d28260','e9b2bf77328c4cee9568e7ff93bcc277',0),(82,'d06c302631644b9ba35020d0d0c80823','fdf674235a0048e7bc561132bf7110f0',0),(83,'51d5b66a2af644139c38832f69a4024f','70d2e51ca5aa460fadf7d8c80fdd2fee',0),(84,'b76b555af8524e25a420fc23576cbc2e','0',0),(85,'1ea297f5f6b14bd99accad83ed911dd9','0',0),(86,'32335b19431f42bba5238884c3e2644d','0',0),(87,'fcc247c9e8a2451488ce94e3158cf87c','0',0),(88,'7405f7e304784bf29c65a83023564936','0',0),(89,'be6af04e40da40e0a3798a2c392d8cb4','0',0),(90,'bdc87ebedcee4f05833ec8e76ad1342d','0',0),(91,'97e356076b22415298fbe459cdcd7ac0','0',0),(92,'7cadf3e5d8394075b9f76756a92553f5','0',0),(93,'86bdbacea52f4161a524b4dddde90e34','0',0),(94,'14bde14953224e11a091107c9623aa2a','e9b2bf77328c4cee9568e7ff93bcc277',0),(95,'6cbbdcdb7f2145faa5c3bcd4a1af4634','0',0),(96,'30b5cc2a2b374efaa19d75a0f15f31f5','0',0),(97,'538152d9ca4b4a55ac9da68227be11c0','0',0),(98,'e875f3e8eccf45339ac22d164bd5a647','0',0),(99,'82ba762709634622bf6ad2951c59c51a','0',0),(100,'d7305212204341ceac35644cffce5108','0',0),(101,'c47d5771dd114698aca89ced74ff3f02','0',0),(102,'3c53c7d1eb1d4af09e4125fa9e570a25','0',0),(103,'96a6534dba4a4cb7bc2cde59e758b2db','0',0),(104,'9835abcc15004c6ea3acbbac55a047e8','4f383fa3524248fb861f8be15e50c875',0),(105,'b40ecebf2c4042c09bbca3d1ee8e180e','0',0),(106,'d8c891173fed4f7dbca5f2170c58cb84','0',0),(107,'2c6fc3b1f51d4825b6a44c85448c0052','0',0),(108,'45b268b85b784bf1962b7768bb15cdc4','0',0),(109,'7ff3c22aea7a46f895039228df1099e3','0',0),(110,'3db1b6b513e745d0a04309eb59dfe37a','0',0),(111,'48690d746a76458bb687599a349d3a33','0',0),(112,'f7d63154eb734c74b48aa59ed2952d1e','0',0),(113,'528ffddc8f2d45c69c50ebb88314749e','0',0),(114,'f835162d670a4c148f1ae271ee5d1ac1','0',0),(115,'92ad23cbb1584311aad7ac7123723d6a','0',0),(116,'31e8ca5f99384e4e98a8d4d374a5a33b','0',0),(117,'5a9499d124fe41a49312dd0bdd90b6cd','0',0),(118,'3941f55942f6438aa7e82988ed901798','0',0),(119,'1f8a6204d3f9401489d4e774b331f6b0','0',0),(120,'4a5859532f8b42329392f6056c21e3e2','0',0),(121,'a34e33ba1a034b27a8c9d18bebb48624','0',0),(122,'f1a579256fdb413cafeb986a44d72ff5','0',0),(123,'ee63b1b934524d5e95cced15fab3fea8','0',0),(124,'6f4d773ad77e4feab49ca23e8dc81585','0',0),(125,'a5e227c619754f5b9071f3b7c4f8a783','0',0),(126,'53363660cc0340ffa50986b30904c258','0',0),(127,'55d9d735151e4b64920113bdae5b934e','0',0),(128,'36c5e76a01384e858d69a5c3503876ce','0',0),(129,'be5f7689d06c47398af801bdf29a56b1','0',0),(130,'a9a76256fbf04e8a93bbade402166c02','0',0),(131,'20881ee9794e40279782d0d47fbea857','0',0),(132,'92ea07584ee849e9a662380a5aa6d195','0',0),(133,'37547ecd213b41b78370a65ea9e62161','0',0),(134,'a3af3b6d91ac4c28b8091c0ffd3dc47e','0',0),(135,'43a8ace37eea4ffc8f7209a61d9fc20c','0',0),(136,'32dcd3c38e3a456296ea605fac932bc6','0',0),(137,'8744a9ec49b04e26aaff91b54d21ef19','0',0),(138,'2bbb8f623d0e4393bb5d3b3a571c95f4','0',0),(139,'218dd5347eeb41be93c22134d69ee281','0',0),(140,'6dcc93a6a1a14a6fa43d7ed439a3dc5a','0',0),(141,'b2709ade23354b82b030c993417761e2','0',0),(142,'989c2f0d1d12405cb951fbf35a0cec76','0',0),(143,'31c473eb952245e39be3a9e575e5f7b7','0',0),(144,'6aa0b353a781445fbcbf884791062c0e','0',0),(145,'ef4692e2244149e3a3dee1c316a956d9','0',0),(146,'83ee33aef1c24a40a7a58436df1e6214','0',0),(147,'c88dfc57bf794276b90faf92fd24dfdc','0',0),(148,'446815972b5245deae7e28e7d904949d','0',0),(149,'abbeed1676b44db495ea3acd2e374937','0',0),(150,'eb67c55491e44a7eba3af7341440a1e1','0',0),(151,'bf131db9677642e384af3655a9e732a3','0',0),(152,'476862684a6c4e6090cff06123f2b42a','0',0),(153,'4e2bf385a1b64bedaf0f549530c476b3','0',0),(154,'d58ebefbefc74a72814e9fefff9e9978','1ce1319c53804081aaea1eeb73c02f9c',0),(155,'aac50d2d4477405c8b2d837bed0b688a','0',0),(156,'fb14071563dd4ce99cbd77ec48c3477c','0',0),(157,'334a26018588408280fdd78a6219c235','0',0),(158,'f87843236cb040599c2ed16d3cf60406','0',0),(159,'48a39b5c95cf475fa57ab0695de2a8d1','0',0),(160,'b339c2c6d7f1422c8a58f273e4e2dc7b','0',0),(161,'6a973eeedd6346f2adcfbf50bccf9856','0',0),(162,'01f44c53bf6d439a8d919fbe9ecc69a4','0',0),(163,'9ed04c02e1784e64ae3fcac68c9afcb2','0',0),(164,'52ed3d8aed8d4561aa4371d209b29da9','0',0),(165,'e5145f5b7abb4b4e8eeba79b37a0f706','0',0),(166,'ed9d0e8ccd034f0a96378ec2efb8d52e','fdf674235a0048e7bc561132bf7110f0',0),(167,'707cee5711fe4f65a774b26d32da3a35','0',0),(168,'7a04686421b74fdbb3537fd3192348d7','0',0),(169,'089f83e2fb754b21afbd57cd23459b26','0',0),(170,'ac13f66b277b4e74ba46b5ef8d5f9643','0',0),(171,'c15f9586707149f98182cacf0aba1552','fdf674235a0048e7bc561132bf7110f0',0),(172,'a74e28d1002d440bb511d5103f02bf0d','0',0),(173,'cca5a58e55e543f78a4204ecff171c55','0',0),(174,'6eda5026b345484990d1c46f09f2dfa1','0',0),(175,'7cf9095c3142485e97c9dbfb3dd5c2c0','0',0),(176,'a4acbd7aba994961a7a699ecac76b2ea','0',0),(177,'8511b2a05366467b8e4325914b618153','0',0),(178,'969f664c4086456eb825618cfd941a61','0',0),(179,'8c5498ad18f74e0e83aea522ef7bec15','0',0),(180,'3dba381b26284f8cbdbe09bcbe2b3c16','0',0),(181,'f4c99367e1144269ae2eb051a827af64','0',0),(182,'de0f39f185324140bffd789a3d97272d','0',0),(183,'f76dd2d79d904cfaac356c4b4001076c','0',0),(184,'a1a01e1bcf634719902ae4ea90b540d3','0',0),(185,'f8d0d56aa1304ebfa5cb84b275f7f759','0',0),(186,'80e5405dd119419ebfaddfbe03c96852','0',0),(187,'5533c2cde1db4dcca8922f623bc4a98d','0',0),(188,'5fa9372cbd3e41c68515e33484d9156b','0',0),(189,'1097b4e19aac4643be6fa6d8ae128376','0',0),(190,'81d7cef633894cf0a8c318a4a68f4693','0',0),(191,'876328f192f14564855058354a951844','0',0),(192,'f4c583939a384b32966c954f94b24cce','0',0),(193,'d4af1211bdc34926bf6ed71d8f8c704d','0',0),(194,'9f02562809f543ac9fe202caa0c40467','0',0),(195,'4cb25f8c24c04aa8b71ca921f67778b1','0',0),(196,'f4f8ab7a263942b69c4205680a6d6d8e','0',0),(197,'44494eebb254427d96c7e766c41d31fe','0',0),(198,'2d3fdeb8d04547c5aa520756e01a9b55','0',0),(199,'c9d6501a707e480f8d20f001e6ee2cee','0',0),(200,'97963461fb6a4b44913e7e543576a34a','e9b2bf77328c4cee9568e7ff93bcc277',0),(201,'70e3e039da69445f9e88c29f053e60ef','0',0),(202,'4971ce2875134422a0a5cef22899f637','0',0),(203,'4dc44cfa604e43f7a281fc725bd135ae','0',0),(204,'6315b8a67ae44f9eb6db1dd264a07890','0',0),(205,'1c3f0cfbeda741cdab49fdca32698af6','0',0),(206,'2b0b963203004254a8489492db123dfd','0',0),(207,'ee8bb8b24b2c447196a74f36c7c2d31d','0',0),(208,'abfc924b345646faa0aa2d9bd908ec6f','0',0),(209,'01154ea924a1421da8a153217037bd1b','0',0),(210,'ad53801d0b9c4990ac1e35bfe677ecd5','0',0),(211,'bd27c58df57842e7be00b0520e0de47b','0',0),(212,'b6c5b8b6373e48d1921ed2c0017f2622','0',0),(213,'813a683f46ad4eb1ac5bebede3ab636d','0',0),(214,'6b2dbe3784bd453c9022e6157c4fe651','0',0),(215,'679aeddfe76348c69976ac27533b02da','0',0),(216,'8d750a2ec89b482ebe6096c7fb9da200','0',0),(217,'d586d5baa44b407fb4bf752641bf0f75','0',0),(218,'420100e0e6604622afb89a629a878a2c','0',0),(219,'d566dc8cd1fa4944bdce6c032bbc211f','0',0),(220,'a75805bded414777b073b961f39eb999','0',0),(221,'3c05460707034a6484a7a1d72ad75759','0',0),(222,'5ca43d52ecc247f989836f88bc63f183','0',0),(223,'932209ac73694b6dadfb370982e6dcb3','0',0),(224,'68441755de464c59802a17cb97e42fbd','0',0),(225,'290d1d98b6c94f24a1b21f9d120a3292','0',0),(226,'14827bc2d72f40668268b7f78bba05dc','0',0),(227,'e0ddfbe0dadd4489a36ab570b25da491','0',0),(228,'60ede1571069415ca968e42416e74cd4','0',0),(229,'87fe10ec0f434c0b9af26770df203ed7','0',0),(230,'333e9635b57943ebb22ab60f6626b0e4','0',0),(231,'80c1cbf446094aab80b7f09ef89cc877','0',0),(232,'439d21b55f5f4eaea3200ce994c37f66','0',0),(233,'67dbcd77ae1e4a06ad547ac0f205a940','0',0),(234,'e4c85a1f19d64d1b971cffabfade684b','0',0),(235,'b7210d49286a4a4f98b85b65be0831c2','0',0),(236,'6df9e5d390b44936af9dad1e4fff0cb5','0',0),(237,'5c77b186f850485eba70de47f1a0a32f','0',0),(238,'37b53d8090d144399c940ded1485e6b0','0',0),(239,'b80148e9e60e4e5393f4ff7c0228abc0','0',0),(240,'44f4eb51e96448c69ac89bdf2751f85a','0',0),(241,'28e134cc62544ff2bb965f324b5571c0','0',0),(242,'d9974593ea87448da71a0e65b2104bbc','0',0),(243,'e353da097fc64444bd7cb5948275e96c','0',0),(244,'799484ddb2f846f893b46260bbcdebd9','fdf674235a0048e7bc561132bf7110f0',0),(245,'01655751912942c89f76de6f4077a354','0',0),(246,'84c2a33f79be4422ae8d40be954a5720','0',0),(247,'0e9bdd1f7a224c6495f0e74c63d07708','0',0),(248,'712f9fab6d5a40dba320181fd21196e6','0',0),(249,'e5f6eea9ad7745a9affb61521d9dc185','0',0),(250,'7fa44b4b32da4409ba0583c4f2a054c1','0',0),(251,'b450a2d8b11b4afe91217f505251bb02','0',0),(252,'f77db3018dc44b9897174d433e2fe975','0',0),(253,'80ee4f9499a4437b8f0fc4a6646a7420','0',0),(254,'e83b58e23e8544ff8fafaeae87fb6437','e9b2bf77328c4cee9568e7ff93bcc277',0),(255,'891a2b1df9ab4e1488899fcd1b0c268a','0',0),(256,'15b8af060d2c4b38b6804b4e7864c290','0',0),(257,'d8fd7bed0a054d6c8c6f386d175b7449','0',0),(258,'ad49924d5c4b48d8a47dc9f47184c9ce','0',0),(259,'f358231aa3a5435d8a45d9799e94026b','0',0),(260,'2070d01b2cf84aab9ddc81690567e91a','0',0),(261,'108441c57f294fe48b2cddcdfbcd357f','0',0),(262,'abdd2a73616b48e1a4d7aee19323a2b3','0',0),(263,'602cd841b3db4f27a3426b9127f180bd','0',0),(264,'95377901f58342e3b41e7dde77bb2b42','0',0),(265,'f55e3584f3ae4f04a32f0d636eee9883','0',0),(266,'9cdb4b88de7e49ea9788518fdafb289e','0',0),(267,'38a86293ce6340d4b8f802f5352c0d50','0',0),(268,'343b92fbe1b24c5ebffd6066e1a2b577','0',0),(269,'ca6a5329ec514050a6073fd60a385e89','4f383fa3524248fb861f8be15e50c875',0),(270,'5a9ee0bc97b64d40b14a29f82040a95b','0',0),(271,'11452f6768834d52a980266858f63b07','0',0),(272,'eecb286161104994a4f087d4e863228c','0',0),(273,'958e99b5f078401aad62643b52c3c6bb','0',0),(274,'f6d95d73b29744b493a474516bcfc7a6','0',0),(275,'f9990bef88374f98acc3dab00cdfd33d','0',0),(276,'8e70dd66cf614a1f951cf8a6026c6440','0',0),(277,'f699d524fc4441759089d79b8ca11de1','0',0),(278,'90f87cf17beb41b0863110297067b9ca','0',0),(279,'80c16716c3d14398936cdc4efe2c1cef','0',0),(280,'61c20e7841bd4f8cab44a667c52f5465','0',0),(281,'76cce09479724963bf544b4dabbc4fc0','4f383fa3524248fb861f8be15e50c875',0),(282,'e14921a23d7e4afaaec1eaf82a3e6a0a','0',0),(283,'b2c5f4efa11140dabb105ffa6113e402','4f383fa3524248fb861f8be15e50c875',0),(284,'2e63bdab410f4d408f82228bbad146d6','0',0),(285,'b53e48b1e7f24352980d37b1a566af57','0',0),(286,'7cc66f0def2340e28a4ca13a23e0410d','0',0),(287,'65b18cfc599e4db6b76b2691ba52c15c','0',0),(288,'b5d8c8026df54a13bbc546e24ba3c254','e9b2bf77328c4cee9568e7ff93bcc277',0),(289,'9d5e48031f9349ada855d53f38af8f78','e9b2bf77328c4cee9568e7ff93bcc277',0),(290,'78247b0c4ad24c3382e9e7d41e75a65d','e9b2bf77328c4cee9568e7ff93bcc277',0),(291,'68f54992cc1d462d8af5627b01a0298a','0',0),(292,'56ed27f31c1c4562a45f59dc45b90773','0',0),(293,'5774abd2dbe844d68a44a19d5d528ffb','0',0),(294,'c75022bb324046d6a320d56ece9dbac5','0',0),(295,'68a855efcdc24e44810b1c05e372d964','0',0),(296,'299f2d9837ac49b089941367f7033415','0',0),(297,'2fcd52bde2a94aa1a774c51e9a92afe2','0',0),(298,'679c041967a64a6e8488126968ffc3f3','0',0),(299,'93e8a877ea26401da11785e965fa46b6','0',0),(300,'b0be56867ae841eca373d9e78224b1bd','0',0),(301,'4d0cc8957d7c4ad7a7dc9fa2187fcbac','0',0),(302,'1f9bc44199d84a56970e80805e70db82','0',0),(303,'0cfa6cdd37bf44389d5de7706be21048','0',0),(304,'4fba3d6211524c238d3022211013f01b','0',0),(305,'ef28450461424c2aa8b040a9d8320832','0',0),(306,'6ed737b370e94982bf2526db4d8ec7f5','0',0),(307,'5d8ce4a6169b4a688f3429660b71ab23','0',0),(308,'8c0d993a2e8944448d4cc10c546562f1','0',0),(309,'57a8fef93d8743be9dbe7e1f87c7d4d7','0',0),(310,'ab9c7359646a4b099be314b49f61c289','0',0),(311,'e76c9b47cd744eaba0b136f12325ffe3','0',0),(312,'96af5281a1a34a0eb803113fec1bb49b','0',0),(313,'4abcaa26a65145358b4a738140be1f69','0',0),(314,'b0cb14f664e24d12805647924cf88c42','0',0),(315,'126a0de26ca148898130ce2d29c7fed3','0',0),(316,'845886c2b4e741a9aba028a9044b7e7a','0',0),(317,'c99a110987c547fca3cd8c654de1cd82','0',0),(318,'68f33109626245c0925507bbd754a215','1ce1319c53804081aaea1eeb73c02f9c',0),(319,'93b97661350b4bada39cb9badf2c9057','0',15),(320,'51dc9574586c4e279e9903890b98da4d','0',0),(321,'c4a744cb4e3a488fb9c76d05f835559d','0',0),(322,'e0c8cf7109cc42a089b92d3bf3d32e38','0',0),(323,'a4cc9a89547945edb1f05375cd649e7d','0',0),(324,'26c2c30de3104d04ba3cd7c69ad3f00f','0',0),(325,'9b60b9ff454b484e94f109395b0a04ac','0',0),(326,'574923c4a6264a64b89dedc24f512c90','0',0),(327,'18dbf701731e4672991e10faff62a05d','0',0),(328,'f49a0bfec97943b38d1bbaf4f694f65c','0',0),(329,'188256fe21384b0cb4ad5b32a837d223','0',0),(330,'19b8b6d0f1404cbe9bb618954f73d5d9','0',0),(331,'c33f072ae68142b399b81eafdb9ebc5a','0',0),(332,'41cbbeb0c8314cec9ad4a503d23658d3','0',0),(333,'7f687a3a3588449ab18449f6a83b7278','0',0),(334,'357ee45f70304c3d80635d4ad9126589','0',0),(335,'c1ac3f0986544c06b0201f057cb3eba1','0',0),(336,'ea362c30c75d41e2a2e0f5ac6ee4a082','0',0),(337,'1be35c96a3ab49e89767aa1d3baf9a29','0',0),(338,'3ed15af578064f229563ca514e99317f','0',0),(339,'b78e55a68d4c4354ae94a57461a1d251','0',0),(340,'8474405641ae413ea2cc4565d8c8ea20','0',0),(341,'49dd78f7fa14433a93a147bd273285fa','0',0),(342,'ceaf84884dc04238b0cb241f9b7ede1c','0',0),(343,'d4f6140bbf7d446791b2f083240bfa08','0',0),(344,'c154e6de82d74a099c671903aa5cc8fe','0',0),(345,'bd72b2f7b601475fa367079baee80c35','0',0),(346,'e2963d95cd054b9484f6073a76c14d87','0',0),(347,'a5257aab2ebb4f0a943b4dc5752e4358','0',0),(348,'6da28284d1a8412995cfb9b48ad16d53','0',0),(349,'f8a6fa0a87bb435d82079a3375be42e4','fdf674235a0048e7bc561132bf7110f0',0),(350,'322515b748e94241b2f027aca95fe315','0',0),(351,'e38191165a47430facb961082e403925','0',0),(352,'f6b133e633bd4bd79e0f06d6542fbc3b','0',0),(353,'f644a3b08b684741ae9d7c1b2aed6368','fdf674235a0048e7bc561132bf7110f0',0),(354,'4f15bde2d8a74186850f656b73c97144','0',0),(355,'eede715f44ef4538839bdca0a7e82d7c','fdf674235a0048e7bc561132bf7110f0',0),(356,'10fd4ebf8eff431eb5906602bddce4b9','0',0),(357,'8372d4c412de4901aafc30c7cb0a55b1','0',0),(358,'5fdb6b72a5274a01994fd78334106391','e9b2bf77328c4cee9568e7ff93bcc277',0),(359,'24cc0dbf932a44d5bb918a3d29cc2b53','e9b2bf77328c4cee9568e7ff93bcc277',0),(360,'e820f91300f7486c886758a854b30603','fdf674235a0048e7bc561132bf7110f0',0),(361,'54a872b3f47049a891101f0b9233348e','e9b2bf77328c4cee9568e7ff93bcc277',0),(362,'2b2ae98327a6410693209fc20a256c58','70d2e51ca5aa460fadf7d8c80fdd2fee',0),(363,'13f25cb72f5f46689f4e5afea9703489','70d2e51ca5aa460fadf7d8c80fdd2fee',0),(364,'a7e7ca3795d7426691478d9d98b72625','70d2e51ca5aa460fadf7d8c80fdd2fee',0),(365,'913d5e5f49eb4a429024341da97ca05c','70d2e51ca5aa460fadf7d8c80fdd2fee',0),(366,'671f2b3fa1044ccca7da9fde8c4d2f1d','70d2e51ca5aa460fadf7d8c80fdd2fee',0),(367,'3a08b0d33d4e40f1847ba65e62f7776f','0',0),(368,'ada5c2497cf74a73bc978c3b8c203830','0',0),(369,'a28addcf0927428a98cea2ce61dcbb69','0',0),(370,'4fe2adbc5c3a4ce2b08ba02edc73b23b','0',0),(371,'0435b8d42298484e924b4bd20508e73c','0',0),(372,'bf7c39667cf34a6aa66c880c2bff7502','1ce1319c53804081aaea1eeb73c02f9c',0),(373,'d95b983d8cf24788a19c6d406a5facc6','0',0),(374,'78116695048747adb7962ac9dd3219cc','1ce1319c53804081aaea1eeb73c02f9c',0),(375,'8da165c83981453c8f444b25edae8290','0',0),(376,'f688ad15dcb54e20a8562fb8451f4b71','0',0),(377,'41e2733ec95041d3ad36923d66592d06','0',0),(378,'9061ab193580454f880e2d8a6d913cac','0',0),(379,'9d12feada4ed46258f2c4d2836a1264d','0',0),(380,'1b73c78c7edd499b8eb4639bb216068f','0',0),(381,'81b4e880808f48f99f5e59ec2b9edba3','0',0),(382,'071dd18fcdf044b0afd3e8bd7110a4f9','0',0),(383,'eb546c648a914df18e19dfd742421aae','0',0),(384,'14c1313ab7a64b1d8ad7e12c62df707d','0',0),(385,'e41557ac0a86477faf011aa3e1965e5f','0',0),(386,'8bda6911365c4488987314af3c8731a9','4f383fa3524248fb861f8be15e50c875',0),(387,'3c533bedcac4485ca887c5c78fa3f3d5','4f383fa3524248fb861f8be15e50c875',0),(388,'b8cded4c37b04c088f400899605f4723','0',0),(389,'196d9bbfe7c3434eb599da6610e94f8e','0',0),(390,'37d48eeffc2d4140899719071b3e3c22','0',0),(391,'1261c52e5827468fbbbd0517be66127c','0',0),(392,'940fc212eee3426dbe5637f7fa152ee2','0',0),(393,'9461cfa1c8f04801ace20c5a8d5d5013','0',0),(394,'96a0e22a9ac5408ba312811ee9ca2c24','0',0),(395,'1b002b426a8841729c6753044b4275d8','0',0),(396,'79cc69ee86894f2f809c12e4d4ba231b','0',0),(397,'267c1b02c2cc4c2891355e7d79ffbd52','0',0),(398,'b262de21496a4d98b2c82e0513132067','0',0),(399,'c9d8e83f1cb3478c93b24f836331213c','0',0),(400,'3a320a96c2344b11a4d7e3ecc5444edb','0',0),(401,'8aef83c85f2f41e8928e7c395406f164','0',0),(402,'6fbc7053370941c4858cd3ebb3f4ba55','0',0),(403,'bfe2c1b8713145eca19f8ec96be38ecd','0',0),(404,'a2e723571f654e0f93151958bf2ec75c','0',0),(405,'3b1e676e9e0a41258de0a3d95ad15180','0',0),(406,'181c38989ad44510bfa8384b99faabe1','0',0),(407,'47e1277742c948acb2f21876985e0c6d','0',0),(408,'05ac213014a74ccdafa84825d457ba2f','0',0),(409,'bffcdcb96bde4079a072666c3bccf198','0',0),(410,'18b07c4da23e48d9b8f4d609ec31a22f','0',0),(411,'6d185ea2911b406db5b8afae6143c005','0',0),(412,'6832be1a396149b1bcd6de937b0beaf0','0',0),(413,'8bf6189c556c4b5b9faf08fce73e81ad','0',0),(414,'0a0893d889f443b18af204538101cc3f','0',0),(415,'93a3a4a1ec92498dbad3dee2b19da5d5','0',0),(416,'50da90bc2e2c4867a9da742f940d142c','0',0),(417,'198ec0018df646cb98e193f4d97b40b9','0',0),(418,'ce19775824cc436aa6ea94b3fe7df5fd','0',0),(419,'4654462aa1be4ab9b5544232dd374522','0',0),(420,'532c5fc653b64a229c7c4eb346e80228','0',0),(421,'b442f537aa594de8a24aa5da694c831d','0',0),(422,'8e984f2ffbef4a039754cc25dbfb374b','0',0),(423,'53c411d32f8943ca91298bf63527aeeb','0',0),(424,'a80e7186175047628fea1c4a6322b8ed','0',0),(425,'89fa4843382249c786f3b68ecbe0a0a8','0',0),(426,'081ad0c41f174efba6c4539c09af3e4b','0',0),(427,'5845759d7fd644e78e88156eeae68850','0',0),(428,'73ce2800203045f9bdbdbda4b07b9365','0',0),(429,'70509ac9aa8c42e3a65a071e5e5de761','0',0),(430,'92951eaad1e84c299bb0354e72096db6','0',0),(431,'067ff92918fa418382b9d05dbe51539c','0',0),(432,'ea66bb9aa26c4ac59e419f8983cf3e2a','0',0),(433,'b1b4a32f275a4c53a11e51235f841e8d','0',0),(434,'5836aa7d81a749e5a9628b18fe5b8634','0',0),(435,'0c8b270938ee49ffaf599c3308482fa4','0',0),(436,'5e6d8cf1e3f846778947a4c009c906fe','0',0),(437,'a0d905a64c7343bc8cc40dddecb585e6','0',0),(438,'caf12c3699ba44b58fdf2daf6fe01f16','0',0),(439,'29360d75001a413eabd09db0f3e1e809','0',0),(440,'833f5b5d7d624e38b8887c3bb2fb85fa','0',0),(441,'40acd33ac96d4046b8cc05c85ee68dd2','0',0),(442,'a7e925d955ae4992bd3f096cba5683ae','0',0),(443,'fb062a22baf347d88f385c5c392586c5','0',0),(444,'3afa6b5ce48b434da36de827645d7990','0',0),(445,'45efdf4a090748b9a8e3e2c2a6d19f2c','0',0),(446,'c3f028ef54424bda82acd02229a822a2','0',0),(447,'563d5e444ed74591960024cae8e736be','e9b2bf77328c4cee9568e7ff93bcc277',0),(448,'7826fd3ec14a4fc2903bcfb83e339111','0',0),(449,'b88af97503394e78b69a0dab06495e67','0',0),(450,'acbd4953893343d88c950f043f0834d5','0',0),(451,'0ef2ed6d3abd4470a7f90bfc0d391ba7','0',0),(452,'89d290a129af41feaa43521074df681b','0',0),(453,'fc70685357e645a080cf9aaa5f1777d2','0',0),(454,'40dcd253351944589660afa27b6a1890','fdf674235a0048e7bc561132bf7110f0',0),(455,'071353aeef074a8c9a24d94594e99b56','1ce1319c53804081aaea1eeb73c02f9c',0),(456,'2b6803d52b9e4013a5e35f4164f71999','0',0),(457,'27ffee1657d94efea08e0d0ccefadece','0',0),(458,'588e10b326d04697bede597eb0d287d6','0',0),(459,'7d20cd170a454a9b8357bdfa07898283','0',30),(460,'75299f5b985c4ee9a7159607ff62f2bd','0',0),(461,'33b25307b0fd48a7b0b62022a62f289a','0',0),(462,'7a444c974ce64c8d912a313c1097e469','0',0),(463,'0e0cd528731f46d38396465f8885ed6e','0',0),(464,'896c86c6c375456588d21ddce1e0ea92','0',0),(465,'9de65b33ec4d4b8bb0d7ab9bf35d85be','fdf674235a0048e7bc561132bf7110f0',0),(466,'e03683c5b6ac4f8b8e6b7828af2ccc28','0',0),(467,'1419de78e26e4f9ebbae266a0c8cb4e2','0',0),(468,'af2368f0fc1a4033b8432a331a705f8a','70d2e51ca5aa460fadf7d8c80fdd2fee',35),(469,'caf7332ee65c4209b14e2015524d6186','0',0),(470,'7f4987ddc6e046e9bb77c7b65ba8059c','0',0),(471,'4c11222e4aa249909e4d1da7925f5b4d','0',0),(472,'ec81fb6db2094f1e8fd48cce53aa6082','0',0),(473,'da4b6fd5c4cd4187861d3eb1e8aad198','0',0),(474,'00f3536f98b54253ac606f43d04da46a','0',0),(475,'5ee54128f4964af6a10e3ad2dd2b543e','0',0),(476,'18085eeb0ae94dde93962b76ffda88bc','0',0),(477,'7c55a774d4e54145afe02cae8b47206b','0',0),(478,'0d1b15f6000d4a94aef76493b0b9d211','0',0),(479,'e3debc952c2e435da96dc02264a40c65','0',0),(480,'89ba7a2d3e304e99b7fdde6e3c19df90','0',0),(481,'9571a5da071643fd93a0abfda7ecf5fa','0',0),(482,'4e49ca7f27da4fab8c7cfa04d9b488c8','0',0),(483,'828eb25a8e964120976af4eba05124d2','0',0),(484,'b5c48bd0484e49fbbeaba2dad45e8728','0',0),(485,'2b24c447176d4edc87e6073ba831ff53','0',0),(486,'5ec8dbff187344c3bbef6bc86228c18c','0',0),(487,'b7ddc0ab373e45e882e6a4927795cc66','0',0),(488,'8fc726835db1424c95ee93c1dae86dec','4f383fa3524248fb861f8be15e50c875',0),(489,'d0f4142a6b90471ea62561f4a4218b89','0',0),(490,'8359c7e04c1b42e698d6d46707fa2cd9','0',0),(491,'96f1cfb8f4e842aaa3b6daebe669c485','0',0),(492,'d01a537fd8ca4b57a12d26d14e5bfc53','0',0),(493,'4068fc4b53f94b5499526ab6f7a54b64','0',0),(494,'ac7da4e169244b9e9a0fc8f59141e0a0','0',0),(495,'c3a9c419bb5c4230b1c9e750d35457ab','4f383fa3524248fb861f8be15e50c875',0),(496,'76e177cd3fc94cccbb3a6721e47a4a6f','0',0),(497,'928d45cbae7742fdac21f6050dd16b36','0',0),(498,'82223f2da23b47f6a6b50ee9e030ccff','0',0),(499,'1fcf0df3b0554e9a8043c934db9b68ea','0',0),(500,'69ccc8df3b424a63a422325c2c9a41cc','4f383fa3524248fb861f8be15e50c875',0),(501,'3140ecc10bf547388aaf605a812c1b2f','0',0),(502,'c26d3f5a26c04e0a9e396c4f6758afa3','0',0),(503,'991ded03bccb4b7186c4cf01bfbde70d','0',0),(504,'7580b80bc7fe49a1ae42076e1623b3af','0',0),(505,'9109bf455cf84493aa6ba62be0424ed8','0',0),(506,'341b7397d55e4603a7558c278a836ff1','0',0),(507,'71b55272220b4b7bb34960a6bcda398f','1ce1319c53804081aaea1eeb73c02f9c',0),(508,'92de6ae2c07845fd9370ada215e065f8','0',0),(509,'dd64b0e58a8f47ed86b94defed6a128c','0',0),(510,'c4becb0362894764bcbe99619e5b562b','0',0),(511,'54a8eda8759c4a04a873d743315c4152','0',0),(512,'911f5992427840ac848a48cfd23460a1','0',0),(513,'8e482d588d0c4449a9d9486b0fa2ddce','0',0),(514,'7d159ad231174a4caf492c1a8c1e843a','0',0),(515,'2257311c8ec14d7399ce77c2907415ea','0',0),(516,'90981c69f2394e67a0aa3e6ea46bc471','0',0),(517,'7cb8fcce2f464f1eae08bd69f20feb8d','0',0),(518,'f6bb16788265432d9e1555045998c5ba','0',0),(519,'08fbd61f6c974de284771fba10fb491b','0',0),(520,'dcebaba3220a4620a8604a36c418479f','0',0),(521,'8929e348b63545e0994259ccaeb68bad','0',0),(522,'13021267938d47d092949d7550a827eb','0',0),(523,'8f77b6bf3142402884df29b5dee60f9d','0',0),(524,'5dd236fc52f74b8e94274490cdca3b88','0',0),(525,'862de5805aa74438aa8d1b335b477dca','0',0),(526,'d1c2639e3483466a9c4ce694b9cb01ac','0',0),(527,'5b55a7d822d4445cbbc01d40b697b27e','0',0),(528,'0b31f71ba413428f852c084ebce89bc8','0',0),(529,'0e116a208bbd448e8540e2d59f45bd8d','0',0),(530,'404591b164174da3ba6841d9384dde0b','0',0),(531,'8139ff2f1ac84ee5ac2c535bb13c3093','e9b2bf77328c4cee9568e7ff93bcc277',0),(532,'a8e7d00718424ed98123cf2af791e5fb','0',0),(533,'f94efa9960a44c16b1079462ea508c94','0',0),(534,'b4c68a0d65254d8080ff0442a2408374','0',0),(535,'59a853d0d2504e478f9afa9632113e63','0',0),(536,'ec9648c0970846caa2ab9a999c2680b0','e9b2bf77328c4cee9568e7ff93bcc277',0),(537,'19e167ff2f98435ca7aaca1111b7bf28','0',0),(538,'7422ecfeddc74e879e591edf3432eaff','0',0),(539,'4559b726f3ef42a7b34301fd8e7a4a79','0',0),(540,'260abd0f76c047e4b576e1595e87df0f','0',0),(541,'c304e860f5554069aa6ab1d8d31fe41a','0',0),(542,'53bb39f0b51e4d8da743964f84c00a9c','0',0),(543,'ff0dfbc124cc44268a43c80dd6cf8345','0',0),(544,'2bd7190051f14fe38463edd6f6ed941f','0',0),(545,'5527e64aa3d045afb5124a0b908c6b75','0',0),(546,'fd15ed55221d407682dd457c31b0b8fc','0',0),(547,'6e2e3d0d34b345c9b5c18acea8596b5a','fdf674235a0048e7bc561132bf7110f0',0),(548,'1c6958ebd72741f08a20c3d85bf52f13','0',0),(549,'89e2c563fae743dfae82071e4d1e0372','0',0),(550,'b6929986b957461a8efa14aab746c95f','fdf674235a0048e7bc561132bf7110f0',0),(551,'8749b004598a487096fb533d2412fcbf','0',0),(552,'d83853cab33b4f09abe0e808810d170b','0',0),(553,'9a5ece39c4574b4d9403361bcd1d0570','0',0),(554,'c34baf69e6094ff9aa08526c3c028fac','0',0),(555,'a49ffe7d47f845cebe74a52692b0c85c','0',0),(556,'1fcb88c44404402da4f3ff3881a98746','0',0),(557,'946a881fcdb1440790dff83dac1212fa','0',0),(558,'fdcd90f8eab44beeb0dacc147e9f100d','0',0),(559,'8cd7a8d307ea443b8a2757fdda56ab00','0',0),(560,'bb94473b84ea45cfa3bfe4ecd1e47b1f','0',0),(561,'0f6555a413334e148bd407a323e793d3','0',0),(562,'daca1b36106a4d02b7fd0954a212aba4','0',0),(563,'336c935a406f4128b12ecca21d0e91bc','0',0),(564,'0067f8ec83f84e6e86604c0141ae355b','0',0),(565,'cb5d9608f89b4f78b4f6690cee6d4d95','0',0),(566,'9e63310dd21a4cb3aec93494ff95567f','0',0),(567,'9183f58b877541d18aec7906b005ae45','0',0),(568,'ecd1b62da90f43338348063b3c768343','0',0),(569,'01c2d69d1ae348ef97934333d90672eb','0',0),(570,'ffeafd9f34174253b6caf8899334f04e','0',0),(571,'c9dd539f1e894a8584055ba3eee8d06c','0',0),(572,'ed89f149c2ef457d98b81a9f8568a107','0',0),(573,'83cf2ecf03f74e74a5494be9e0996dad','0',0),(574,'338e1a9f42e14eaea80625da67ef0271','0',0),(575,'db69a5fd02a1410d93d30f088cbc80d2','0',0),(576,'f819f32a168842978830651103e932d9','4f383fa3524248fb861f8be15e50c875',0),(577,'32447fbae4214530abbf762b0ee330e0','0',0),(578,'e07ae42220b747ac8e117feeaa1560af','0',0),(579,'bc0905cfa7c446f19a6ea776ac7e7a86','0',0),(580,'c040677adf89463d9aa815bf10350286','0',0),(581,'42ef541c8420459fbc2aab2646ab4e28','0',0),(582,'e7f2d05d334c4f5b925db521eb3ee050','0',0),(583,'a459daa47c9947a2a9e7415a42a2973f','0',0),(584,'387a1dd4c87c4907ae2450084bc40050','0',0),(585,'08869890dca04a06aca519fd99b5b451','0',0),(586,'d7091697eb9b48aa9e75356e5ed2f977','0',0),(587,'a16476a016384baab83861d34fe9c941','0',0),(588,'34b438704d004210a9e89d777e13597c','0',0),(589,'a94b4f6e1c5d4f9cb46be3610647ae28','0',0),(590,'ddfae6681a5d4d05b6543c07498493eb','0',0),(591,'6dc422e89cd04ff0bb9e1cbb8df0c998','0',0),(592,'d1d124dd3f464715bcd6a92fa001e80e','0',0),(593,'2c9a62196490413f9aa614687c405bb8','0',0),(594,'6cdd4c79a16a4a7d86be62b98686f612','0',0),(595,'c64b01a151ba40d59accd7a57a9508c0','0',0),(596,'c0b9ff4b6f54496d953e48f4db070c04','0',0),(597,'c8084709223648acb609f42e5a49362f','0',0),(598,'ea35604d89c54c8e98b2cea8b53553eb','0',0),(599,'e69818f5cb5645e3a4603d1883c3c18f','0',0),(600,'5a661c4c31f34ef3968195827262fe38','0',0),(601,'bf801c1c094d42e8821b264b435c70ee','0',0),(602,'733f36f0dd5a45a98fcef24967181f2a','0',0),(603,'f0b075a8efb14ade9182b728f37af986','0',0),(604,'637d40a8592947a7b36fcd89d51603f3','0',0),(605,'f2d3aff7ccb442238ba2235b1d8d0cb0','0',0),(606,'eb8ec74ed18e4026930ee760024060dd','0',0),(607,'982b6605e119426084a75bfedf88f13c','0',0),(608,'279b9e1e0c864367b64fce1c528d40bc','0',0),(609,'54b7b8250a0445ac869a95d9f8918421','0',0),(610,'c37bd88e10b34c6a8273e6890bacea87','0',0),(611,'06f4ff74b53b44c88be44b009517b84f','0',0),(612,'0a28e1fa7a834bc18ed1da1356cb1ec4','0',0),(613,'e183dd1567ff491998bc494ff4bfa38c','0',0),(614,'b538d6f03f9846ba84d5cd08d2e5fc01','0',0),(615,'ab661f22eebc4babbdf21f26d4ffa878','0',0),(616,'c638a35e88634a38ac2009721dc44368','0',0),(617,'d595622d19a54c8faed245fa99e037a6','0',0),(618,'a35c8ef023104da8bb73178956a11daf','0',0),(619,'53814972a59640a4bb5165ee24b507d7','0',0),(620,'82abe3ab8ca4456cbc70568734581dbd','0',0),(621,'6433fadae3514376b675667faadf557a','0',0),(622,'f831675a91cd458e832d52a234fc29f4','0',0),(623,'5f926e562bac4919a07554b76c849e7e','0',0),(624,'b56667c39c4a4f829083e6745c85dc8c','0',0),(625,'201df3e9d4d84fbf9d11152dac7880b8','0',0),(626,'e1697fc8cb234b82abb0b807b2668881','0',0),(627,'d6b679b7f9754b88858e2c89879d0366','0',0),(628,'3b766b611f5a4eb2a60131b1e8c77077','0',0),(629,'7b92d76f7540448293aef1fb4ef289e4','0',0),(630,'f9b9ef387d4443b79c812b18451e2976','0',0),(631,'c01d83ba536c4174939a03d6968af718','0',100),(632,'e8ddcabba240410bb25b4c0c1c2b1369','0',0),(633,'b299e86d80d94d8da0021146d1734d02','0',0),(634,'0188422c66534857bc68aca70adf261a','0',0),(635,'1911d04e1f844b57bec6f46d53373db8','0',0),(636,'7797e0bb78b24bf399250e935a840e79','0',0),(637,'dca9d59f3e0540b594e3737d4b289479','0',0),(638,'0a57acd17c874d5d9e96d8614398e61e','0',0),(639,'b661775bb434479db34e32c81a23c74a','0',0),(640,'992c29773bd84c12baa39db7cfa08390','0',0),(641,'14c2b332fc6c4a4f9960ac707f621691','0',0),(642,'beef4f11637f4a7ea70dac7ea113d503','0',0),(643,'6252a7b309cc4342be728fb0b95f090b','0',0),(644,'68d70a5779f24d239edaeb1bde625cc8','0',0),(645,'2fef129736964f9688c219c07d2e0105','0',0),(646,'f27cabbdd4054f65823dd6fc86ceec51','e9b2bf77328c4cee9568e7ff93bcc277',0),(647,'79ac495d7aa84582ab517469ce586808','0',0),(648,'c58d638223eb4565b42518bd10c6709f','0',0),(649,'35c2cf57c9784889b5e8ce3c2b17e71c','0',0),(650,'c756928f163b4045851a80171dad0bbd','0',0),(651,'59b3f64c866e4af1ba053ce89ca58eed','1ce1319c53804081aaea1eeb73c02f9c',0),(652,'078f2a28823b4061b75d6a134ead0214','0',0),(653,'95d9a321ea0d4461803addbd3df87192','0',0),(654,'fd987941c81d4706bbffdb8ae1018a74','0',0),(655,'7c9a9db331ea4bf9b5e402ec9585dbdb','0',0),(656,'2d5954c35e684903b0889277db70e72f','0',0),(657,'e16b368bcf414753b2f2761137de3373','0',0),(658,'2e7cbfe3f0c0490792668b1f557c5bce','0',0),(659,'919dd86fe7b34b578d19bf162b4b39d2','0',0),(660,'172c653c36924474b60f65a4edc53b16','0',0),(661,'65fbf9d1ddd347989514b02471e58dea','0',0),(662,'4a14b08412104871af93f77059d58985','0',0),(663,'ec1c6beb75334f81aa9f4b77b0784417','0',0),(664,'42b2f196b3ee46539a0afad107ac98ac','0',0),(665,'1c16e0356c5140869e9565ca347c4c10','0',0),(666,'09dc7267c09746099d92a5c2710a1258','0',0),(667,'4938378b46cb46ec898c2e9705203fd1','0',0),(668,'06b6a4e4f84448bf883cf9e98c324b0a','0',0),(669,'ff09e7b3596c40488400790c53ab08e2','0',33),(670,'83bcbc88e959484ba098728c94ce832d','0',0),(671,'a8dfcd4ed5224f319b0ce1bde5e33864','0',0),(672,'382faaa66bfe407cacf07db9a33943f6','0',0),(673,'91ffd61b99b740c38609f8a6f00696bf','0',0),(674,'fdab2cfd85ed492eb6057574cdffb9aa','0',0),(675,'2cf00eaf087a422285d22ab0f75a3b4a','0',0),(676,'d0c2cc318d5447ff96673a946b163467','0',0),(677,'0e1fd4818ef5464a882a3bd8deabad92','0',0),(678,'33776484076c4720b77fa47d89b4b168','0',0),(679,'2606c3f1402948e19291ea94db1895a4','0',0),(680,'9badfa3aa60740bc9929b2dad4969715','0',0),(681,'f2f6c259e5ad496180ba35096c98ba34','0',0),(682,'d9890d60ff814ba2b815d954df6bd079','e9b2bf77328c4cee9568e7ff93bcc277',0),(683,'a5f83d5f9d624c34869ef724e8fb307b','e9b2bf77328c4cee9568e7ff93bcc277',0),(684,'d99c7ece2841466ab1550fa34b98ac06','e9b2bf77328c4cee9568e7ff93bcc277',0),(685,'a1863ebc0cb84430ac3e06094a19a28b','e9b2bf77328c4cee9568e7ff93bcc277',0),(686,'a9920f98b49b4468bb95ed248e4611ab','e9b2bf77328c4cee9568e7ff93bcc277',0),(687,'60caae6d523445e8918abcf4df70fe08','0',0),(688,'7280ff6f35b84602afb538436a2b6839','0',0),(689,'ab6460ced06843cdb83257d53d5fff43','0',0),(690,'05c588479e064adc9aa6bcd84d4291ad','0',0),(691,'61c2a6adc96940729b67357742ec7111','0',0),(692,'746e526057a248bbb503a3e149650c2c','0',0),(693,'9a7a0ec85a194f349d4b28754556069e','0',0),(694,'722d161502dc48a4ab6298501a0eb70a','0',0),(695,'98614b4560f74655a18eb3bed49cdac4','0',0),(696,'5574abc782694c129bb5f38e2320f80a','0',0),(697,'7fba5b6bf68b413780b465a28c7cd574','0',0),(698,'aa8b2134f99848e1be76ac502a4701f2','0',0),(699,'afae611f61a3471db28409bc281053f4','0',0),(700,'5fed908e48b7428b9f0c605dd55c7de3','0',0),(701,'486840f393534bbfbb7ff16596326920','0',0),(702,'59f53705d458470fb5c17c45636fb16d','0',0),(703,'87b83a0b86a04e5ca5644c8eceea3c33','0',0),(704,'0b827e3e7097471ba65ef350fdd98dbe','0',0),(705,'670f74387c01429caa6ad2b494670506','0',0),(706,'ef075945df0146c7949c0b04e80453d3','0',0),(707,'ceffa763cafc4d109d0075c384954b8a','0',0),(708,'77040f1fe0e74df3bff5fba26f84e6db','0',0),(709,'856a8901e50e471cb15c278b3e4ecaba','0',0),(710,'e8c53d8575a8430483fc99a80528c998','0',0),(711,'ff2e2b8ac08a4afda4c5702b4e7df149','0',0),(712,'3731e3870f0d4af3b478ce4d1e073305','0',0),(713,'30a3ce8b78d64948a5623aaea3b2dc6f','0',0),(714,'117751efdae94f66beecd829c4352202','0',0),(715,'f9295b698ad049deaaa5ed28564bc466','0',0),(716,'8536c88321db41c7b53c1341519038d2','0',0),(717,'cd05e0c438e64ce488dbcc946ed69cab','0',0),(718,'0edda83c65a3473889a7c6227b551bdb','0',0),(719,'3ab1f0d53ad24341a02033bc86984c4c','0',0),(720,'fe37e44c18734b14858e47ca43e4f1df','0',0),(721,'88e4ee78bc9740589e35848c7585a55c','0',0),(722,'f125fdd064ff4cb2b2ab72ccc5c8c0bc','0',0),(723,'53d1b948cac042ba8fea36aa1b74a5b0','e9b2bf77328c4cee9568e7ff93bcc277',0),(724,'faabbbe008424013b1f7d3c1daf7ee11','0',0),(725,'44fcc7988cf544d7a2b341b320685bf9','0',0),(726,'829f1c0054cf4570b63a3730d37676b6','0',0),(727,'887e0487b9694053966a3347181ecf92','0',0),(728,'519e778606ff4c8a9cb74f51ba1d3d31','0',0),(729,'a1a19622d39b4c7080e6f796b9874466','0',0),(730,'1048948e7d2640bc8e9707c0f436fe68','0',0),(731,'67aae1b0130f47fe96b852f735193ad1','0',35),(732,'6c6d6009fe1a485ab001729b742423ae','0',0),(733,'98eb9581edc94dfd84322e98c9ed4614','0',0),(734,'581522da44584f0884dc298f8e3899c0','0',0),(735,'e69682e34869413a92b28be38a2cb627','0',0),(736,'5ae9286cbe7a4709b948a66dd08f26be','0',0),(737,'8275bdbb030843b0a1fa391f940de1f5','0',0),(738,'ec4df90ac3ff40c48a4ba171fc9d7924','0',0),(739,'7e814b1661ec426eb2970f6be7835ec5','0',0),(740,'97232492a08846da831e886ec7ab350a','0',0),(741,'ab20656318d34fda9a8308190a126731','0',0),(742,'744c1279eaf34b3d962acf09092e2abc','0',0),(743,'7a018c2bc9774501b2eafa8f73989bc3','0',0),(744,'341c7e648e2d477193763eaafbdeff89','0',0),(745,'305edffa526f4654a24220843cc83ab4','0',0),(746,'57187a4547eb434f8b79a92d72781ff0','0',0),(747,'a06d82591dc64ee4ae402d7f193fd767','0',0),(748,'f8f470e28707426f834eb24ebd7daa1f','0',0),(749,'7d102143f38f411588310a3b64125a28','0',0),(750,'bf03d2806a3f4cca919c518bf9644c95','0',0),(751,'ba12032dd4ac4d5682260b3525862d1f','e9b2bf77328c4cee9568e7ff93bcc277',0),(752,'9e4533f01a0640ea986278c727ec3dae','e9b2bf77328c4cee9568e7ff93bcc277',0),(753,'203a6cfb437642a98bdf94e600d973cb','e9b2bf77328c4cee9568e7ff93bcc277',0),(754,'2f8e111f8557456ca61ab5a55f5a3e46','e9b2bf77328c4cee9568e7ff93bcc277',0),(755,'f7695551b34942018c79825ff085cae9','0',0),(756,'1b92b16963e64086ad1c2cb7d4117cdd','e9b2bf77328c4cee9568e7ff93bcc277',0),(757,'d879bfb2756842d6b3882fee5b189cdf','0',0),(758,'aa8e8577600b4822b8a6806a9d7b9bc4','0',0),(759,'58bfeb1986d54eb3bbd006ea43b35c76','0',0),(760,'2fa50aefa34f427882046176cbe1c3d2','0',35),(761,'fde821c5f46c4d62be745fe84f08f3ec','0',0),(762,'b7ddb95003ca439ea754717b22f01bfc','0',0),(763,'645e5dddab4347e4b5502d6dfe70a3ba','0',0),(764,'eda971cb634a4d419db4ec2f0b095213','0',0),(765,'4ac5b68759164eadba525622dd12b008','0',0),(766,'72332c5be40b44acbd8b2b54a3fca8c2','0',0),(767,'cecf206477f543999bcd2a65478eedc8','0',0),(768,'de1f9c5d66374c568574a532b29ce1dd','0',0),(769,'dc977a36a24e4f1aa8bc69e046bab48e','0',0),(770,'656ef1fcefd74f2191182d03077e1694','0',0),(771,'033501aa8f2144b4918d9ff46f2be99a','0',0),(772,'e54d421748a9405290a3c748bdf687fd','0',0);
/*!40000 ALTER TABLE `cuenta_promocion_aplicar` ENABLE KEYS */;
UNLOCK TABLES;

--
-- Table structure for table `detalleventa`
--

DROP TABLE IF EXISTS `detalleventa`;
/*!40101 SET @saved_cs_client     = @@character_set_client */;
/*!40101 SET character_set_client = utf8 */;
CREATE TABLE `detalleventa` (
  `DetalleVentaId` int(11) NOT NULL AUTO_INCREMENT,
  `ProductoId` int(11) NOT NULL,
  `Precio` int(11) NOT NULL,
  `PrecioReal` int(11) NOT NULL,
  `UsuarioId` int(11) NOT NULL,
  `DetalleId` varchar(32) NOT NULL,
  `detalle_extra` varchar(32) NOT NULL,
  `MesaId` varchar(32) NOT NULL,
  `Asiento` int(11) NOT NULL,
  PRIMARY KEY (`DetalleVentaId`),
  KEY `DetalleVProducto` (`ProductoId`),
  KEY `DetalleVvP` (`UsuarioId`),
  CONSTRAINT `detalle_venta_productos` FOREIGN KEY (`ProductoId`) REFERENCES `productos` (`ProductoId`) ON DELETE CASCADE ON UPDATE CASCADE,
  CONSTRAINT `usuario_detalleventa` FOREIGN KEY (`UsuarioId`) REFERENCES `usuario` (`UsuarioId`) ON DELETE CASCADE ON UPDATE CASCADE
) ENGINE=InnoDB AUTO_INCREMENT=2387 DEFAULT CHARSET=latin1;
/*!40101 SET character_set_client = @saved_cs_client */;

--
-- Dumping data for table `detalleventa`
--

LOCK TABLES `detalleventa` WRITE;
/*!40000 ALTER TABLE `detalleventa` DISABLE KEYS */;
INSERT INTO `detalleventa` VALUES (41,139,45,45,4,'218d206b676c4457b1ff00d763fab67f','65','c3e7dee439eab4fe2b17f1b6ecb5a006',1),(43,140,50,50,4,'218d206b676c4457b1ff00d763fab67f','66','c3e7dee439eab4fe2b17f1b6ecb5a006',1),(63,138,15,15,3,'a6195a8321cd4825aeb41b2ad1002126','71','5',3),(183,140,50,50,3,'89ce8146bb724d40bd8b78548cc16fad','15','c3e7dee439eab4fe2b17f1b6ecb5a006',1),(184,140,50,50,3,'89ce8146bb724d40bd8b78548cc16fad','16','c3e7dee439eab4fe2b17f1b6ecb5a006',1),(185,140,50,50,3,'89ce8146bb724d40bd8b78548cc16fad','17','c3e7dee439eab4fe2b17f1b6ecb5a006',1),(186,140,50,50,3,'89ce8146bb724d40bd8b78548cc16fad','18','c3e7dee439eab4fe2b17f1b6ecb5a006',1),(330,138,15,15,3,'3c53c7d1eb1d4af09e4125fa9e570a25','20','3',2),(337,138,15,15,3,'9835abcc15004c6ea3acbbac55a047e8','10','9',1),(338,141,15,15,3,'9835abcc15004c6ea3acbbac55a047e8','12','9',2),(464,140,50,50,4,'446815972b5245deae7e28e7d904949d','9','5',1),(571,139,45,45,4,'8c5498ad18f74e0e83aea522ef7bec15','a9e2005b45464944abd40e297fd5d3ef','9',1),(607,141,15,15,3,'1097b4e19aac4643be6fa6d8ae128376','78cf0710c1d445a7916eb32525812ab9','6',3),(608,138,15,15,3,'1097b4e19aac4643be6fa6d8ae128376','977806b6ab74486f91b23542a9af3cc9','6',3),(678,139,45,45,3,'b6c5b8b6373e48d1921ed2c0017f2622','2b72db7033c54ae68212326b50aff9f9','1',1),(778,138,15,15,4,'d9974593ea87448da71a0e65b2104bbc','cf4effb73a304d0287cf4c2b39d182c4','7',1),(828,138,15,15,4,'80ee4f9499a4437b8f0fc4a6646a7420','c0f5d1649099486197b922672de573eb','9',2),(845,139,45,45,4,'d8fd7bed0a054d6c8c6f386d175b7449','5f4d2248398e4155b93b70494c5368fb','5',2),(1068,140,50,50,4,'18dbf701731e4672991e10faff62a05d','ce654614e26c4af6baed936a07678cd9','6',1),(1081,138,15,15,3,'7f687a3a3588449ab18449f6a83b7278','3d22197add34409f8f561c547cf7fe7d','2',1),(1097,139,45,45,3,'ceaf84884dc04238b0cb241f9b7ede1c','88703591aee542ab895cab41afbc427d','c6234bafde05d430ab62abfbfea2e278',1),(1112,139,45,45,3,'e2963d95cd054b9484f6073a76c14d87','7a671a4546e34de4af0d975ebbcc828a','c6234bafde05d430ab62abfbfea2e278',1),(1156,224,30,30,3,'ada5c2497cf74a73bc978c3b8c203830','dfb6d977cd204563b5a2834bc1b442b1','2',1),(1182,139,45,45,3,'d95b983d8cf24788a19c6d406a5facc6','98b42bc680c4438bb9280e7487f621de','6',1),(1190,139,45,45,3,'9d12feada4ed46258f2c4d2836a1264d','a1ff7c93100144a7a99ad22da74f3e10','5',1),(1205,139,45,45,4,'3c533bedcac4485ca887c5c78fa3f3d5','3ae7df2d93874326b26118f7a7b0657e','c6234bafde05d430ab62abfbfea2e278',1),(1206,139,45,45,4,'3c533bedcac4485ca887c5c78fa3f3d5','d92f3258c4f148e68d59fb2fd82895f7','c6234bafde05d430ab62abfbfea2e278',1),(1239,141,15,15,3,'3a320a96c2344b11a4d7e3ecc5444edb','ccca71eecb6f4cd492908bc3389a14ad','9',6),(1279,139,45,45,3,'6832be1a396149b1bcd6de937b0beaf0','0eec09042373452fa4eae02cb944df0e','9',1),(1302,139,45,45,3,'4654462aa1be4ab9b5544232dd374522','099a3c858f384207887ad19785407dd8','8',4),(1335,139,45,45,3,'70509ac9aa8c42e3a65a071e5e5de761','798cfabc683847b2b3ce2da8c06cea10','3',2),(1519,140,50,50,3,'b5c48bd0484e49fbbeaba2dad45e8728','9472b539e3e24f1c9f932739a8cbc292','8',2),(1573,138,15,15,3,'341b7397d55e4603a7558c278a836ff1','165310c60c714ffb918e610f14f32356','c24e88ccbcafd47e684b7db0ff222a55',1),(1574,138,15,15,3,'341b7397d55e4603a7558c278a836ff1','48a361713b8148859ea3c5cdc443e070','c24e88ccbcafd47e684b7db0ff222a55',1),(1575,138,15,15,3,'341b7397d55e4603a7558c278a836ff1','b7f0b47e024241ffbe361321650392a0','c24e88ccbcafd47e684b7db0ff222a55',1),(1576,138,15,15,3,'341b7397d55e4603a7558c278a836ff1','fc71b4a87c5749bd84443e89c220703d','c24e88ccbcafd47e684b7db0ff222a55',1),(1955,363,60,60,4,'e183dd1567ff491998bc494ff4bfa38c','841e4a9b26004834951c24735f2abd5a','c24e88ccbcafd47e684b7db0ff222a55',1),(1956,365,60,60,4,'e183dd1567ff491998bc494ff4bfa38c','e233c22d9f08416fb26c5a1a7025b9ad','c24e88ccbcafd47e684b7db0ff222a55',1),(1957,270,45,45,3,'b538d6f03f9846ba84d5cd08d2e5fc01','0167604f08584172903357d4bb524f11','8',2),(1958,263,45,45,3,'b538d6f03f9846ba84d5cd08d2e5fc01','16f892a94a8a4943b1f63fe7128c1217','8',1),(1959,344,50,50,3,'b538d6f03f9846ba84d5cd08d2e5fc01','75744a2f960d4516925938ff53ad3b98','8',2),(1960,263,45,45,4,'ab661f22eebc4babbdf21f26d4ffa878','ae3c02ea85dc4bc5b9bb41b43348d0d2','cef3f587abd6e4c61b0feb30756e30aa',1),(1961,238,45,45,4,'ab661f22eebc4babbdf21f26d4ffa878','fb685cc4147d4f80b3a56daf0c39f672','cef3f587abd6e4c61b0feb30756e30aa',1),(1962,366,50,50,4,'ab661f22eebc4babbdf21f26d4ffa878','4d6b383cb45f459d9df9fcf0d44300b1','cef3f587abd6e4c61b0feb30756e30aa',1),(1963,344,50,50,4,'ab661f22eebc4babbdf21f26d4ffa878','dac5493594e8401ab17c4d405df6bc3d','cef3f587abd6e4c61b0feb30756e30aa',1),(1964,335,55,55,4,'ab661f22eebc4babbdf21f26d4ffa878','3b687ffbeff6415faca82c0b8224eda5','cef3f587abd6e4c61b0feb30756e30aa',1),(1965,359,45,45,3,'c638a35e88634a38ac2009721dc44368','9199839b6c0d4121b05b049956785a2b','9',1),(1966,277,55,55,3,'c638a35e88634a38ac2009721dc44368','4bcd4579993c4ffea66be06898eec324','9',1),(1967,360,55,55,3,'c638a35e88634a38ac2009721dc44368','6c51f6a5b26049ff9e0d7e3de3d14cb0','9',1),(1968,279,55,55,3,'c638a35e88634a38ac2009721dc44368','d0df731379ed44ed9e99ee7937c04e50','9',1),(1969,333,40,40,3,'a35c8ef023104da8bb73178956a11daf','c8f8cf7f867b478ebaa144b237c8c336','cbd6f5fc1994e46c5ab4e726d47191a2',1),(1970,334,50,50,3,'a35c8ef023104da8bb73178956a11daf','a4703068a83748a292af797a18b8737b','cbd6f5fc1994e46c5ab4e726d47191a2',1),(1971,277,55,55,3,'a35c8ef023104da8bb73178956a11daf','ba5f3ad22bf24176b86b3ca3aab99767','cbd6f5fc1994e46c5ab4e726d47191a2',1),(1972,278,55,55,3,'a35c8ef023104da8bb73178956a11daf','c4d007f3a5214da1beda1aaa337317d4','cbd6f5fc1994e46c5ab4e726d47191a2',1),(1973,277,55,55,3,'a35c8ef023104da8bb73178956a11daf','e959caeeab544c11b1d1a76fd1904906','cbd6f5fc1994e46c5ab4e726d47191a2',1),(1974,265,45,45,3,'d595622d19a54c8faed245fa99e037a6','1e67d1fbcc7f459d9ece34b08a4ed375','7',1),(1975,271,45,45,3,'d595622d19a54c8faed245fa99e037a6','b2fc8625d4fd48bc89df5782aca02868','7',1),(1976,279,55,55,3,'d595622d19a54c8faed245fa99e037a6','c5a37c805fd6485aa7610582dd9218cb','7',1),(1977,309,65,65,3,'d595622d19a54c8faed245fa99e037a6','6ef88d397b924bf8a78d27dba9c43660','7',1),(1978,229,20,20,3,'53814972a59640a4bb5165ee24b507d7','6df4e677738c4dbfbd6c9c76faea8d66','3',1),(1979,231,30,30,3,'53814972a59640a4bb5165ee24b507d7','9a393c96331e4912989f4b83ddd26ce3','3',2),(1980,237,35,35,3,'53814972a59640a4bb5165ee24b507d7','3fb5febb1f134aaca90b5e51c48ea351','3',1),(1981,322,45,45,3,'53814972a59640a4bb5165ee24b507d7','a040bb2e6e914b298a919bd457c1bb94','3',2),(1982,356,55,55,3,'53814972a59640a4bb5165ee24b507d7','4bc2d63ad0264929aa47a0a48b35fc62','3',1),(1983,283,12,12,3,'82abe3ab8ca4456cbc70568734581dbd','140c062f40f340a19ac8adf0fe81b463','6',1),(1984,251,45,45,3,'82abe3ab8ca4456cbc70568734581dbd','01b0545e71b8428496f9fb115648a1de','6',1),(1985,263,45,45,3,'82abe3ab8ca4456cbc70568734581dbd','3aac5e4076b24e22a3c30d84bd7b4c6a','6',1),(1986,238,45,45,3,'82abe3ab8ca4456cbc70568734581dbd','5dc010df0a304275829d0dd8802fef31','6',1),(1987,270,45,45,3,'82abe3ab8ca4456cbc70568734581dbd','8938942464064145bb9795128c7511d4','6',1),(1988,360,55,55,3,'82abe3ab8ca4456cbc70568734581dbd','3a4373aad2624c71a128de9b04524387','6',1),(1989,345,55,55,3,'82abe3ab8ca4456cbc70568734581dbd','6e93b0dc56ea4b3db0d0c36fd329097b','6',1),(1990,355,55,55,3,'82abe3ab8ca4456cbc70568734581dbd','8deb1ce027a8415f8b2bbe0ec6ae1100','6',1),(1991,345,55,55,3,'82abe3ab8ca4456cbc70568734581dbd','ead28c95b6a34c49b6e625627824131d','6',1),(1992,360,55,55,3,'82abe3ab8ca4456cbc70568734581dbd','f369bab4d27c49c7bc37a56b26430107','6',1),(1993,263,45,45,3,'6433fadae3514376b675667faadf557a','2723e2329c95449a97538160a1c56a6a','4',1),(1994,265,45,45,3,'6433fadae3514376b675667faadf557a','e22c1905f4b64df6abdc7d9fde5863cc','4',1),(1995,363,60,60,3,'6433fadae3514376b675667faadf557a','c00c1566f63c4b3d8cbced38153d37f3','4',1),(1996,363,60,60,3,'6433fadae3514376b675667faadf557a','f90d94e5511c4eeab0cc3afdd201feca','4',1),(1997,248,30,30,3,'f831675a91cd458e832d52a234fc29f4','545ea0b4333441b0a5da2209eafb868c','1',1),(1998,318,45,45,3,'f831675a91cd458e832d52a234fc29f4','12f84112647442049361326135f6f208','1',1),(1999,318,45,45,3,'f831675a91cd458e832d52a234fc29f4','49571a6a6f7f43afb232482b36390d45','1',1),(2000,279,55,55,3,'f831675a91cd458e832d52a234fc29f4','59c26efc900441619a1f8a30b72bb114','1',1),(2001,263,45,45,4,'b56667c39c4a4f829083e6745c85dc8c','64682b7bf26f430e9585af4136e529f4','c891fe33f45fb48abbfff56a483562db',1),(2002,277,55,55,4,'b56667c39c4a4f829083e6745c85dc8c','c4190cba6d6944399674061becb5ee7d','c891fe33f45fb48abbfff56a483562db',1),(2003,350,55,55,4,'b56667c39c4a4f829083e6745c85dc8c','ca33e35329774617a88a3c470584e617','c891fe33f45fb48abbfff56a483562db',1),(2004,369,60,60,4,'b56667c39c4a4f829083e6745c85dc8c','2bdd48eacdad48099a952075cb8a07a1','c891fe33f45fb48abbfff56a483562db',1),(2005,323,45,45,3,'e1697fc8cb234b82abb0b807b2668881','ec30300694d14e4098395b14484a53b0','c6234bafde05d430ab62abfbfea2e278',1),(2006,271,45,45,3,'e1697fc8cb234b82abb0b807b2668881','fe2c04f243d14b61a3b86a747db2edef','c6234bafde05d430ab62abfbfea2e278',1),(2007,314,50,50,3,'e1697fc8cb234b82abb0b807b2668881','5d922b73fbe44aaca84eba114b203e51','c6234bafde05d430ab62abfbfea2e278',1),(2008,275,55,55,3,'e1697fc8cb234b82abb0b807b2668881','4a16fac3ac524e6e9a0aea6eccd76020','c6234bafde05d430ab62abfbfea2e278',1),(2009,249,35,35,3,'5f926e562bac4919a07554b76c849e7e','0626bdd5aaa644398dde3a13378642b4','5',1),(2010,249,35,35,3,'5f926e562bac4919a07554b76c849e7e','e63c85c0375e48edbc811bd37aa14091','5',1),(2011,345,55,55,3,'5f926e562bac4919a07554b76c849e7e','16703328397d4c08ba83179e7a53aa27','5',1),(2012,345,55,55,3,'5f926e562bac4919a07554b76c849e7e','35fca8247fd24573bead50fcf5f93b31','5',1),(2013,279,55,55,3,'201df3e9d4d84fbf9d11152dac7880b8','28b144dcfc8646d3977d2ac07892afc3','8',1),(2014,342,55,55,3,'201df3e9d4d84fbf9d11152dac7880b8','47be95b8498647d3907b9082de1c8d93','8',1),(2015,279,55,55,3,'201df3e9d4d84fbf9d11152dac7880b8','586ff4066ef84e86bb3a051bda5520d6','8',1),(2016,358,55,55,3,'201df3e9d4d84fbf9d11152dac7880b8','c9217b18e3d0437ab6b4b392f2efe30d','8',1),(2017,337,55,55,3,'d6b679b7f9754b88858e2c89879d0366','c9dcfe3bc4d34f52b92ae31d7dc57a10','c0cf3a2d6f8304e6dab6ec7ef1129173',1),(2018,364,60,60,3,'d6b679b7f9754b88858e2c89879d0366','4335261223684ad099f2973e4cb81e4e','c0cf3a2d6f8304e6dab6ec7ef1129173',1),(2019,231,30,30,3,'3b766b611f5a4eb2a60131b1e8c77077','48c0803baff4432d96f68c2479cb0b5c','3',1),(2020,340,55,55,3,'3b766b611f5a4eb2a60131b1e8c77077','1d927713354d49bdac87d7fb493fe0b7','3',1),(2021,247,30,30,3,'c01d83ba536c4174939a03d6968af718','12cbd5506182469c9b8298b7839616cf','7',1),(2022,265,45,45,3,'f9b9ef387d4443b79c812b18451e2976','3af671eb22a74fbfb95d869ab53c51f6','7',1),(2023,360,55,55,3,'f9b9ef387d4443b79c812b18451e2976','0fc153b14ac3483fa49c348d0db0707e','7',1),(2024,139,55,55,3,'f9b9ef387d4443b79c812b18451e2976','4dbb7e7b5c6a43ceb5d02afe30031223','7',1),(2025,277,55,55,3,'f9b9ef387d4443b79c812b18451e2976','8e42ac37f75e45478e7be1b2aad02350','7',1),(2026,343,55,55,3,'f9b9ef387d4443b79c812b18451e2976','b57e9b279ed2402d970969c9e4ad95af','7',1),(2027,272,45,45,4,'e8ddcabba240410bb25b4c0c1c2b1369','ad6e47d614b94843894f57ac4ba782ca','c24e88ccbcafd47e684b7db0ff222a55',1),(2028,229,20,20,4,'b299e86d80d94d8da0021146d1734d02','d1b912b65efb40c2ae0042c448fac7ba','1',1),(2029,360,55,55,4,'b299e86d80d94d8da0021146d1734d02','9b2dc9132e2446c297a55374228b52c9','1',1),(2030,272,45,45,4,'0188422c66534857bc68aca70adf261a','67fe2786dd344a2f892be5bdeda97089','c6234bafde05d430ab62abfbfea2e278',1),(2031,272,45,45,4,'0188422c66534857bc68aca70adf261a','7d62150187964ce3bef6f0f26f93e490','c6234bafde05d430ab62abfbfea2e278',1),(2032,272,45,45,4,'0188422c66534857bc68aca70adf261a','91dbe3252a23421b9e474d12b8e1d15e','c6234bafde05d430ab62abfbfea2e278',1),(2033,272,45,45,4,'0188422c66534857bc68aca70adf261a','9442363b4a8349b08621ad44b3489735','c6234bafde05d430ab62abfbfea2e278',1),(2034,318,45,45,4,'1911d04e1f844b57bec6f46d53373db8','bda06f17106a416b9142a50934dbc25e','c24e88ccbcafd47e684b7db0ff222a55',1),(2035,229,20,20,4,'dca9d59f3e0540b594e3737d4b289479','efdde9dda81546f59b86ed2615c62942','1',1),(2036,344,50,50,4,'dca9d59f3e0540b594e3737d4b289479','e39ef63f374042848287fd431ce5c136','1',1),(2037,334,50,50,4,'7797e0bb78b24bf399250e935a840e79','af227573de0243a383241eb910ad42fd','cb6bd057006c04ea3a7c067515dad179',1),(2038,334,50,50,4,'7797e0bb78b24bf399250e935a840e79','dd241b60eadf4e52b8185c074d83af88','cb6bd057006c04ea3a7c067515dad179',1),(2039,272,45,45,3,'0a57acd17c874d5d9e96d8614398e61e','78ec2b4d747b4b29b43cc781e7a04009','3',1),(2040,363,60,60,3,'0a57acd17c874d5d9e96d8614398e61e','504807fec4a74ff8a9076da53ead15d9','3',1),(2041,363,60,60,3,'0a57acd17c874d5d9e96d8614398e61e','e3f442761386475a8499c6747f1a85cc','3',2),(2042,348,55,55,3,'b661775bb434479db34e32c81a23c74a','7551ae656f374383b4db3d33d2944ca6','5',1),(2043,360,55,55,3,'b661775bb434479db34e32c81a23c74a','9d4bd53ed9244090a777743a05e6c9a4','5',1),(2044,358,55,55,3,'992c29773bd84c12baa39db7cfa08390','8d58ef200c4947d3ab7ecb29c2e885d1','1',1),(2045,263,45,45,3,'14c2b332fc6c4a4f9960ac707f621691','0f7fd43402ee45a4a5fa8e25d181ea98','9',1),(2046,263,45,45,3,'14c2b332fc6c4a4f9960ac707f621691','f786312ff5884241bdd57a0d085dad1c','9',2),(2047,334,50,50,3,'14c2b332fc6c4a4f9960ac707f621691','f96e8c7bd53a46368b33f83b7b90c98d','9',1),(2048,243,30,30,3,'beef4f11637f4a7ea70dac7ea113d503','43e41abc99e243d1acc18dda5d073a49','3',2),(2049,344,50,50,3,'beef4f11637f4a7ea70dac7ea113d503','4f0011b2e240443aa3f7f787d55b0706','3',2),(2050,308,60,60,3,'beef4f11637f4a7ea70dac7ea113d503','abdeb8c7450449cfa93d17bb48f57e96','3',1),(2051,138,15,15,3,'68d70a5779f24d239edaeb1bde625cc8','5db63da6df9c4c95a8ee4869269284f4','1',1),(2052,229,20,20,3,'68d70a5779f24d239edaeb1bde625cc8','4422294a64bd40dc89346a94bc7d9ae3','1',2),(2053,229,20,20,3,'68d70a5779f24d239edaeb1bde625cc8','ada38968dce74e9c9b2743a87b2fdd88','1',1),(2054,262,45,45,3,'6252a7b309cc4342be728fb0b95f090b','902b7d61bf3a458eb44abcc1d2ed01ce','4',1),(2055,339,55,55,3,'6252a7b309cc4342be728fb0b95f090b','0955e49bd7ce4420b569d1da77e7e27f','4',1),(2056,343,55,55,3,'6252a7b309cc4342be728fb0b95f090b','0ec9c7606dbe44febaa8ea29e7acfc60','4',1),(2057,339,55,55,3,'6252a7b309cc4342be728fb0b95f090b','24b08450838b4319aa3450f995ce7596','4',1),(2058,343,55,55,3,'6252a7b309cc4342be728fb0b95f090b','dfc33beb611c413fb1c283c1b795d1e4','4',1),(2059,364,60,60,3,'6252a7b309cc4342be728fb0b95f090b','2e0730e864784563ab8dfb01af7a9494','4',2),(2060,283,12,12,3,'2fef129736964f9688c219c07d2e0105','395ce77022d54d63aedeb305589c8e99','7',1),(2061,265,45,45,3,'2fef129736964f9688c219c07d2e0105','494f6953d45646fabe09546c82d940e6','7',3),(2062,277,55,55,3,'2fef129736964f9688c219c07d2e0105','6a08986bf2ce4e42b34be3c159391ce5','7',1),(2063,277,55,55,3,'2fef129736964f9688c219c07d2e0105','9d170d7a61134ec1864f643ee04dd1c9','7',2),(2064,343,55,55,3,'2fef129736964f9688c219c07d2e0105','e27149c46fa24c5994fdab37861c9733','7',2),(2065,362,60,60,3,'2fef129736964f9688c219c07d2e0105','a9be074bc20b488cbe8ed305d454e582','7',1),(2066,276,44,55,4,'f27cabbdd4054f65823dd6fc86ceec51','65d71065bdeb428b8627f3598bc2cec4','1',1),(2067,362,48,60,4,'f27cabbdd4054f65823dd6fc86ceec51','afbfeb3cc11d4751a3e4360735796aa3','1',2),(2068,365,48,60,4,'f27cabbdd4054f65823dd6fc86ceec51','edf1b391246446cd91c76097624213db','1',1),(2069,231,30,30,4,'79ac495d7aa84582ab517469ce586808','94a4c0f38dc148c0a758ebd9084f5639','c24e88ccbcafd47e684b7db0ff222a55',1),(2070,231,30,30,4,'79ac495d7aa84582ab517469ce586808','b531fcfc44c04cd0a6873c38560acf4f','c24e88ccbcafd47e684b7db0ff222a55',1),(2071,344,50,50,4,'c58d638223eb4565b42518bd10c6709f','4dbef8228dbf4fac818ceacb41fd33de','c24e88ccbcafd47e684b7db0ff222a55',1),(2072,344,50,50,4,'c58d638223eb4565b42518bd10c6709f','9a894202e28c4006b9cbcc3aa71336ec','c24e88ccbcafd47e684b7db0ff222a55',1),(2073,346,55,55,4,'c58d638223eb4565b42518bd10c6709f','e9f3d81e356a46508bc4dadb5342dd48','c24e88ccbcafd47e684b7db0ff222a55',1),(2074,344,50,50,4,'35c2cf57c9784889b5e8ce3c2b17e71c','fb4bd2965d514ffcb73427258e7a15aa','c24e88ccbcafd47e684b7db0ff222a55',1),(2075,272,45,45,4,'c756928f163b4045851a80171dad0bbd','096dd88aed3141cbb4e681f19516add6','c24e88ccbcafd47e684b7db0ff222a55',1),(2076,279,47,55,4,'59b3f64c866e4af1ba053ce89ca58eed','ad3776ce396c46579ae216241ee5bcf6','3',1),(2077,369,51,60,4,'59b3f64c866e4af1ba053ce89ca58eed','f4fcdb72d3b64bd3b6402d2c896aea1c','3',1),(2078,263,45,45,4,'95d9a321ea0d4461803addbd3df87192','c71aa9f56a3d4599a8c248670c65ef63','c6234bafde05d430ab62abfbfea2e278',1),(2079,277,55,55,4,'95d9a321ea0d4461803addbd3df87192','aee505b186ea4b89b32a618e4b4a296c','c6234bafde05d430ab62abfbfea2e278',1),(2080,259,35,35,4,'078f2a28823b4061b75d6a134ead0214','b464e1bf3c0d4b059bee7107a4cbf4d7','3',1),(2081,287,35,35,4,'078f2a28823b4061b75d6a134ead0214','d41bcdbaa0c5483db04466dcfbeff301','3',1),(2082,348,55,55,4,'fd987941c81d4706bbffdb8ae1018a74','0fe3a9cb5f934587802da669f1dfc403','c24e88ccbcafd47e684b7db0ff222a55',1),(2083,348,55,55,4,'fd987941c81d4706bbffdb8ae1018a74','ff4e45a5af5046a8b51747bbd839ecee','c24e88ccbcafd47e684b7db0ff222a55',1),(2084,249,35,35,4,'7c9a9db331ea4bf9b5e402ec9585dbdb','66d2fdd44f8b4ca48ddb3af5251bde6e','cef3f587abd6e4c61b0feb30756e30aa',1),(2085,249,35,35,4,'7c9a9db331ea4bf9b5e402ec9585dbdb','b0dc295cb3a14c27a7ba2a28e9dc8313','cef3f587abd6e4c61b0feb30756e30aa',1),(2086,348,55,55,4,'2d5954c35e684903b0889277db70e72f','f6f95f31702444fc9946feee37d3c9ae','c6234bafde05d430ab62abfbfea2e278',1),(2087,237,35,35,4,'e16b368bcf414753b2f2761137de3373','9ff914121a5445809c6cbdb59c22b867','8',1),(2088,233,35,35,4,'e16b368bcf414753b2f2761137de3373','d1f2b21a35bf4be6b21d050cca2ebaa3','8',1),(2089,334,50,50,4,'e16b368bcf414753b2f2761137de3373','4c90ea318fa14246b32ee548c78b4360','8',1),(2090,337,55,55,4,'e16b368bcf414753b2f2761137de3373','f5e9d1a396a340828e9c6bfea483496d','8',1),(2091,317,50,50,4,'2e7cbfe3f0c0490792668b1f557c5bce','17fbe87c77bd4325a0748fbf951a8095','c0cf3a2d6f8304e6dab6ec7ef1129173',1),(2092,275,55,55,4,'2e7cbfe3f0c0490792668b1f557c5bce','3f6a5ce198fb40dcb350ec8230ef19fa','c0cf3a2d6f8304e6dab6ec7ef1129173',1),(2093,275,55,55,4,'2e7cbfe3f0c0490792668b1f557c5bce','b30f60dfea2849d39a199b51a341349c','c0cf3a2d6f8304e6dab6ec7ef1129173',1),(2094,348,55,55,4,'172c653c36924474b60f65a4edc53b16','98531e9dde8f403a887eb10cc792062c','c891fe33f45fb48abbfff56a483562db',1),(2095,344,50,50,4,'919dd86fe7b34b578d19bf162b4b39d2','4ba89d93d14b4d00b316125a09516ccd','6',1),(2096,360,55,55,4,'919dd86fe7b34b578d19bf162b4b39d2','6513510fafa044f1af7c51b273625c06','6',1),(2097,229,20,20,4,'65fbf9d1ddd347989514b02471e58dea','62adf44330c9423a9b2eafaa557e010d','4',1),(2098,231,30,30,4,'65fbf9d1ddd347989514b02471e58dea','d4c97705589d4df5bafe9dddcb24736c','4',1),(2099,347,55,55,4,'65fbf9d1ddd347989514b02471e58dea','1824f170be4b4d169c67d6ddf4adc75e','4',1),(2100,348,55,55,4,'65fbf9d1ddd347989514b02471e58dea','1922f12bcd51499ab43b893fc7f3c0a3','4',1),(2101,263,45,45,4,'4a14b08412104871af93f77059d58985','8ac3a469b9444934b8f4c0b5ad89b9fe','c093f5597124c44809e2393365326c16',1),(2102,360,55,55,4,'4a14b08412104871af93f77059d58985','d281556d3112450dba3a993361d1b8b2','c093f5597124c44809e2393365326c16',1),(2103,248,30,30,4,'ec1c6beb75334f81aa9f4b77b0784417','58dad69560494f47bdfba97a9505bf6b','7',1),(2104,271,45,45,4,'ec1c6beb75334f81aa9f4b77b0784417','5e89ea75e2c245fcb4f558fcc9ffa4c0','7',1),(2105,367,50,50,4,'ec1c6beb75334f81aa9f4b77b0784417','21604d442c414fcbb4e5adc352f3b872','7',1),(2106,275,55,55,4,'ec1c6beb75334f81aa9f4b77b0784417','4a8b9ee65eba4beea3be89ea693b19b8','7',1),(2107,292,55,55,4,'ec1c6beb75334f81aa9f4b77b0784417','f7238f90895f43a48fde0b1923810939','7',1),(2108,361,60,60,4,'ec1c6beb75334f81aa9f4b77b0784417','344cfcbbd3e0490db8af1a7115b96de0','7',1),(2109,264,45,45,4,'09dc7267c09746099d92a5c2710a1258','3204aaa56b61441fbd5311e15621196d','cef3f587abd6e4c61b0feb30756e30aa',1),(2110,263,45,45,4,'09dc7267c09746099d92a5c2710a1258','6866ebab39bb4b60b9df8bf67e67fb30','cef3f587abd6e4c61b0feb30756e30aa',1),(2111,337,55,55,4,'09dc7267c09746099d92a5c2710a1258','f382d1759e624cce8180ae4e7691546b','cef3f587abd6e4c61b0feb30756e30aa',1),(2112,275,55,55,4,'1c16e0356c5140869e9565ca347c4c10','23f170e39a384782836573920501aa9d','c24e88ccbcafd47e684b7db0ff222a55',1),(2113,365,60,60,4,'1c16e0356c5140869e9565ca347c4c10','e90c91decf9b42b69558a7bc25b62be4','c24e88ccbcafd47e684b7db0ff222a55',1),(2114,139,55,55,4,'4938378b46cb46ec898c2e9705203fd1','6dbd1e014cec45efb952c83a8b9b1289','c6234bafde05d430ab62abfbfea2e278',1),(2115,269,45,45,4,'06b6a4e4f84448bf883cf9e98c324b0a','42364945f3d04e7f9f517163ffe4cc19','7',1),(2116,265,45,45,4,'06b6a4e4f84448bf883cf9e98c324b0a','6641db8598054b178e37c33be1ddfd09','7',1),(2117,268,45,45,4,'06b6a4e4f84448bf883cf9e98c324b0a','8483189a7b3a4cabae17f4d2e71e73f1','7',1),(2118,362,60,60,4,'06b6a4e4f84448bf883cf9e98c324b0a','64dfcedc53294226815470b41d04b14a','7',1),(2119,362,60,60,4,'06b6a4e4f84448bf883cf9e98c324b0a','6542ff87224e435dbeb24bdb9618311a','7',1),(2120,365,60,60,4,'06b6a4e4f84448bf883cf9e98c324b0a','657a23fce07043fd97a931cab216fe94','7',1),(2121,266,45,45,4,'ff09e7b3596c40488400790c53ab08e2','f9ff9a07749f4d2698aba3e31aedad5c','cef3f587abd6e4c61b0feb30756e30aa',1),(2122,268,45,45,4,'83bcbc88e959484ba098728c94ce832d','490f90c7bb994c91a393810076f92c48','c24e88ccbcafd47e684b7db0ff222a55',1),(2123,276,55,55,4,'83bcbc88e959484ba098728c94ce832d','5c4e8e50fe6c40cc8a6c3b4411f0501e','c24e88ccbcafd47e684b7db0ff222a55',1),(2124,316,45,45,4,'a8dfcd4ed5224f319b0ce1bde5e33864','648f4f6d283d45b8a4489a556e938eea','c6234bafde05d430ab62abfbfea2e278',1),(2125,316,45,45,4,'a8dfcd4ed5224f319b0ce1bde5e33864','a746c686f3f14d8d92a0effd73b085e1','c6234bafde05d430ab62abfbfea2e278',1),(2126,230,25,25,4,'382faaa66bfe407cacf07db9a33943f6','c458878d646b44a2b299a4fdf05b0914','c24e88ccbcafd47e684b7db0ff222a55',1),(2127,262,45,45,4,'2cf00eaf087a422285d22ab0f75a3b4a','72108cbd7b974725b50c88c75711ff4e','5',1),(2128,318,45,45,4,'2cf00eaf087a422285d22ab0f75a3b4a','fe61a0c26fa34ac2a607ef3f980979d5','5',1),(2129,335,55,55,4,'2cf00eaf087a422285d22ab0f75a3b4a','56614afb67ed444983af69130b95591d','5',2),(2130,287,35,35,4,'fdab2cfd85ed492eb6057574cdffb9aa','2c23cd07b9d64efb8075eba6b5f0d931','6',1),(2131,263,45,45,4,'fdab2cfd85ed492eb6057574cdffb9aa','bdcca62acaa542a1b483479034db996e','6',1),(2132,360,55,55,4,'fdab2cfd85ed492eb6057574cdffb9aa','0095736c1d084fd38d2a5ad2d2437a49','6',1),(2133,365,60,60,4,'fdab2cfd85ed492eb6057574cdffb9aa','cdf5589bb49947a68ee065b3ee69ad26','6',1),(2134,339,55,55,4,'d0c2cc318d5447ff96673a946b163467','70f5d9fb8c904043a5cbc48a48564449','c24e88ccbcafd47e684b7db0ff222a55',1),(2135,275,55,55,4,'d0c2cc318d5447ff96673a946b163467','8f90f75066ae4f03af4a58cd1321db7b','c24e88ccbcafd47e684b7db0ff222a55',1),(2136,275,55,55,4,'d0c2cc318d5447ff96673a946b163467','eac2d382e2414c2fa34aed7345b7c52d','c24e88ccbcafd47e684b7db0ff222a55',1),(2137,270,45,45,4,'0e1fd4818ef5464a882a3bd8deabad92','2cd07fb1bd2148cfa9907afc247b67aa','3',2),(2138,273,45,45,4,'0e1fd4818ef5464a882a3bd8deabad92','51cbfb8fdd894c0491dc37ef1ffbaf39','3',1),(2139,365,60,60,4,'0e1fd4818ef5464a882a3bd8deabad92','2dc05e72820f49af8885907eebc4896e','3',2),(2140,362,60,60,4,'0e1fd4818ef5464a882a3bd8deabad92','6b00f2ead5834fcd877973340f75723a','3',1),(2141,231,30,30,4,'33776484076c4720b77fa47d89b4b168','b0c49d12c61e4d9bb8b3b898d30c1b7c','1',2),(2142,250,35,35,4,'33776484076c4720b77fa47d89b4b168','181edfe79f79408f814952bf0d99ec2f','1',1),(2143,356,55,55,4,'33776484076c4720b77fa47d89b4b168','612643c47b50480ba8fe055da1d1dadb','1',1),(2144,230,25,25,4,'2606c3f1402948e19291ea94db1895a4','4bb0025c98c0415a9baa19de84e69dc2','7',1),(2145,262,45,45,4,'2606c3f1402948e19291ea94db1895a4','097a49086dee4e9e9962a48d38a4367e','7',4),(2146,322,45,45,4,'2606c3f1402948e19291ea94db1895a4','8ce2aabecb984f35a7f0df680aad0b75','7',2),(2147,262,45,45,4,'2606c3f1402948e19291ea94db1895a4','9435e87fb0ec472f91e76dbd788abacd','7',3),(2148,324,45,45,4,'2606c3f1402948e19291ea94db1895a4','fa28f2eec96d4bafadcd9c162b5eb696','7',1),(2149,367,50,50,4,'2606c3f1402948e19291ea94db1895a4','358505e229c349319039523994ae2150','7',3),(2150,345,55,55,4,'2606c3f1402948e19291ea94db1895a4','a9912a685a0842bc87a382849cbdb6fa','7',4),(2151,264,45,45,4,'9badfa3aa60740bc9929b2dad4969715','5e16590dc67d4ae5b83c5e9d1d94df64','5',2),(2152,262,45,45,4,'9badfa3aa60740bc9929b2dad4969715','84fdd236826f4ed89935462fe32458ca','5',1),(2153,348,55,55,4,'9badfa3aa60740bc9929b2dad4969715','5d3ff13f09e34730afc87f03f64d5093','5',1),(2154,139,55,55,4,'9badfa3aa60740bc9929b2dad4969715','8d1b5e56ddea4c4db49483e66ca0f8cb','5',2),(2155,230,25,25,4,'f2f6c259e5ad496180ba35096c98ba34','f81a8fb8db9749cdb9fd4cdf6a1ddd1a','4',1),(2156,240,45,45,4,'f2f6c259e5ad496180ba35096c98ba34','d51e705fb1f14d30adac3192e62cc0c0','4',2),(2157,296,60,60,4,'f2f6c259e5ad496180ba35096c98ba34','2067c0c7b52846a38f6dc8d18448a73c','4',1),(2158,293,60,60,4,'f2f6c259e5ad496180ba35096c98ba34','c1b835ce68044185a4979f63c244efa3','4',2),(2159,275,44,55,4,'d9890d60ff814ba2b815d954df6bd079','11316d74346a4efe8d97e10ee221c7f3','1',2),(2160,138,12,15,4,'a5f83d5f9d624c34869ef724e8fb307b','3b371f46078c4013b02028c016e29423','1',1),(2161,269,36,45,4,'a5f83d5f9d624c34869ef724e8fb307b','9d0dd6c43bda46b0aa4fa87fc7c7ea5f','1',1),(2162,265,36,45,4,'d99c7ece2841466ab1550fa34b98ac06','6442e9cb66a14f6998655eebd5f61a69','2',1),(2163,360,44,55,4,'d99c7ece2841466ab1550fa34b98ac06','292be18ef1b54c25a3e585eef97dfc00','2',1),(2164,360,44,55,4,'a1863ebc0cb84430ac3e06094a19a28b','66b4b5504c854b038c43b7fda35d10f4','3',1),(2165,360,55,55,4,'7280ff6f35b84602afb538436a2b6839','51e14e7fef6f49709e9e9d45d8c36613','1',3),(2166,366,50,50,4,'ab6460ced06843cdb83257d53d5fff43','231208f2bba14ea99206754bd25ae683','c24e88ccbcafd47e684b7db0ff222a55',1),(2167,344,50,50,4,'ab6460ced06843cdb83257d53d5fff43','fde4be8d8bf34a19b12cbfcf9781fb72','c24e88ccbcafd47e684b7db0ff222a55',1),(2168,344,50,50,4,'05c588479e064adc9aa6bcd84d4291ad','55f3a3f91e734dae92b6d36e4a8979aa','c24e88ccbcafd47e684b7db0ff222a55',1),(2169,263,45,45,4,'61c2a6adc96940729b67357742ec7111','e8f05afff9e6460b89103bc081b242d0','5',1),(2170,350,55,55,4,'61c2a6adc96940729b67357742ec7111','de82bd0cadd84d67824f20725721ea1d','5',1),(2171,231,30,30,4,'746e526057a248bbb503a3e149650c2c','aa2b8b25548544ce996f84f6cf065a15','4',1),(2172,262,45,45,4,'746e526057a248bbb503a3e149650c2c','3b57a6610b4248b4a05c6d9de308cda3','4',1),(2173,316,45,45,4,'746e526057a248bbb503a3e149650c2c','6edea4c2962c452a8a7330dd1af51d0e','4',1),(2174,360,55,55,4,'746e526057a248bbb503a3e149650c2c','9f6e0d51221e442d8c658c447c69ac97','4',1),(2175,232,35,35,4,'9a7a0ec85a194f349d4b28754556069e','ab0c20de7d494e83818a5ba043452aa3','c24e88ccbcafd47e684b7db0ff222a55',1),(2176,240,45,45,4,'9a7a0ec85a194f349d4b28754556069e','674a085560064b43a0e828e2bc953d15','c24e88ccbcafd47e684b7db0ff222a55',1),(2177,272,45,45,4,'722d161502dc48a4ab6298501a0eb70a','d2c6a7932c0c4ae69d79555ce39051fc','c6234bafde05d430ab62abfbfea2e278',1),(2178,334,50,50,4,'722d161502dc48a4ab6298501a0eb70a','df193fb80bad4a9d94ca53ca60394977','c6234bafde05d430ab62abfbfea2e278',1),(2179,232,35,35,4,'5574abc782694c129bb5f38e2320f80a','2f7f6b6c045240bbbb21fef5baff2992','7',1),(2180,268,45,45,4,'5574abc782694c129bb5f38e2320f80a','504ac17826b84e28a80bd25077bee480','7',1),(2181,341,45,45,4,'5574abc782694c129bb5f38e2320f80a','c26d4cef2618495d98cff9e166a4cfc7','7',1),(2182,318,45,45,4,'5574abc782694c129bb5f38e2320f80a','e0307d2cf0a04289b1a07f91e044d4de','7',1),(2183,276,55,55,4,'5574abc782694c129bb5f38e2320f80a','b02ab5880cf94123882bdd554ee997f0','7',1),(2184,361,60,60,4,'5574abc782694c129bb5f38e2320f80a','f9e50a09a39c4246b8834bc99f929604','7',1),(2185,233,35,35,4,'98614b4560f74655a18eb3bed49cdac4','bc5d484724c84bc99fba20a28ce67147','5',1),(2186,240,45,45,4,'98614b4560f74655a18eb3bed49cdac4','9f402ece8bbd498d8a4ab67ab512e1c5','5',1),(2187,367,50,50,4,'98614b4560f74655a18eb3bed49cdac4','bf61c6cdb7a243f8be5cc0fc8969b386','5',1),(2188,362,60,60,4,'98614b4560f74655a18eb3bed49cdac4','6134ec5cdbbf4b9693de97dfed47ff9a','5',1),(2189,275,55,55,4,'7fba5b6bf68b413780b465a28c7cd574','110cff806dce45bd93c563533818dc8f','c24e88ccbcafd47e684b7db0ff222a55',1),(2190,275,55,55,4,'7fba5b6bf68b413780b465a28c7cd574','66a004c05fcb4c72b488017a8dfc0997','c24e88ccbcafd47e684b7db0ff222a55',1),(2191,342,55,55,4,'afae611f61a3471db28409bc281053f4','4080594e4c6f4d9dbbdcebe7ef3ee9db','5',1),(2192,275,55,55,4,'afae611f61a3471db28409bc281053f4','c1f1584f03bf4763acba76b5a8b638f4','5',1),(2193,276,55,55,4,'afae611f61a3471db28409bc281053f4','f1046c425d8242fd88728fa026ef4d14','5',1),(2194,362,60,60,4,'afae611f61a3471db28409bc281053f4','511d27a56f3846ae93dcaca532600895','5',1),(2195,261,35,35,4,'aa8b2134f99848e1be76ac502a4701f2','1a245e091867447e95545d96a79dad07','4',1),(2196,261,35,35,4,'aa8b2134f99848e1be76ac502a4701f2','3a9b856cb85240d58719a3c104a3c12d','4',1),(2197,369,60,60,4,'aa8b2134f99848e1be76ac502a4701f2','20a34819b8a242d68af0a1fa9c15fd69','4',1),(2198,369,60,60,4,'aa8b2134f99848e1be76ac502a4701f2','2f6c8bbb74f14ee79250eecb54be5dad','4',1),(2199,334,50,50,4,'5fed908e48b7428b9f0c605dd55c7de3','f417c201423046b19784782c5e8d328e','c24e88ccbcafd47e684b7db0ff222a55',1),(2200,339,55,55,4,'5fed908e48b7428b9f0c605dd55c7de3','7633b11376d941de82e856ab14722966','c24e88ccbcafd47e684b7db0ff222a55',1),(2201,344,50,50,4,'486840f393534bbfbb7ff16596326920','69336a04523540e984849adaae4e168c','c6234bafde05d430ab62abfbfea2e278',1),(2202,316,45,45,4,'59f53705d458470fb5c17c45636fb16d','1e3c331f33244926a354a044b71aa889','c24e88ccbcafd47e684b7db0ff222a55',1),(2203,269,45,45,4,'87b83a0b86a04e5ca5644c8eceea3c33','ec99399a63f74475970eba8b13654178','5',1),(2204,343,55,55,4,'87b83a0b86a04e5ca5644c8eceea3c33','9f5757390eff45188b2f9ae46f454cd3','5',1),(2205,270,45,45,4,'0b827e3e7097471ba65ef350fdd98dbe','1bf0908411c54659b6839e11b8dd1c6d','c24e88ccbcafd47e684b7db0ff222a55',1),(2206,272,45,45,4,'0b827e3e7097471ba65ef350fdd98dbe','262d866b9baf4f4bac38e5aee276e86a','c24e88ccbcafd47e684b7db0ff222a55',1),(2207,262,45,45,4,'0b827e3e7097471ba65ef350fdd98dbe','8acad38aeadc4a8681ad21fd1928998b','c24e88ccbcafd47e684b7db0ff222a55',1),(2208,267,45,45,4,'0b827e3e7097471ba65ef350fdd98dbe','b769ddb7342c438794bdbe9a3ffa0074','c24e88ccbcafd47e684b7db0ff222a55',1),(2209,277,55,55,4,'0b827e3e7097471ba65ef350fdd98dbe','b33de8e1660a4715b9b55cefc2d9c862','c24e88ccbcafd47e684b7db0ff222a55',1),(2210,262,45,45,4,'670f74387c01429caa6ad2b494670506','06ed21601ebf42d9b0172b4a91c2cbd3','6',1),(2211,360,55,55,4,'670f74387c01429caa6ad2b494670506','25def8b9636f4138a66b8f6c91f5da99','6',1),(2212,345,55,55,4,'670f74387c01429caa6ad2b494670506','cc6d69bf0e5f4edf9ffc5f846942e343','6',1),(2213,318,45,45,4,'ef075945df0146c7949c0b04e80453d3','e6339c8f16e4404d81cd80ca86a747f3','c24e88ccbcafd47e684b7db0ff222a55',1),(2214,344,50,50,4,'ef075945df0146c7949c0b04e80453d3','aca547a536e44a13ba3b1c278398f70b','c24e88ccbcafd47e684b7db0ff222a55',1),(2215,341,45,45,4,'ceffa763cafc4d109d0075c384954b8a','6e5fbfffdab94f52b0da994cd773c971','3',1),(2216,279,55,55,4,'ceffa763cafc4d109d0075c384954b8a','fd532ec5ba8c441b9fb1dbd444bc80c1','3',1),(2217,273,45,45,4,'856a8901e50e471cb15c278b3e4ecaba','cb47cd0d51a246e584dab86162853631','c24e88ccbcafd47e684b7db0ff222a55',1),(2218,273,45,45,4,'856a8901e50e471cb15c278b3e4ecaba','f71842db2163440caf5a4f7dc1d3e3a1','c24e88ccbcafd47e684b7db0ff222a55',1),(2219,273,45,45,4,'77040f1fe0e74df3bff5fba26f84e6db','b11c560c81174ee59b79264ebfb09d9c','9',1),(2220,361,60,60,4,'77040f1fe0e74df3bff5fba26f84e6db','8a56e7f4f08e4ea490e2fa5f1ac910c1','9',1),(2221,361,60,60,4,'77040f1fe0e74df3bff5fba26f84e6db','c1312541908e4879ae522f91eb6e7fb4','9',1),(2222,281,60,60,4,'77040f1fe0e74df3bff5fba26f84e6db','f3120aaa268943189f9dc4ebc3bd3435','9',1),(2223,232,35,35,4,'e8c53d8575a8430483fc99a80528c998','51f2b61ebdf440da805ede199fe15bd7','6',1),(2224,263,45,45,4,'e8c53d8575a8430483fc99a80528c998','7c2684285970488d99845c64776fea48','6',1),(2225,347,55,55,4,'e8c53d8575a8430483fc99a80528c998','72ed1f3b8cec4014913805247c9dfb30','6',1),(2226,350,55,55,4,'e8c53d8575a8430483fc99a80528c998','bb862e9d84b54308a7633309e29be945','6',1),(2227,362,60,60,4,'e8c53d8575a8430483fc99a80528c998','faf36683c6fe446b976b8aad11df5362','6',1),(2228,283,12,12,4,'ff2e2b8ac08a4afda4c5702b4e7df149','3c65fa03b97a4354b76d495738a107f7','6',1),(2229,261,35,35,4,'30a3ce8b78d64948a5623aaea3b2dc6f','2a942f7c3b0f4c24adf0f1e83e56bf2f','7',1),(2230,318,45,45,4,'30a3ce8b78d64948a5623aaea3b2dc6f','2ea5ea9391104924a85bac04ecdadb08','7',1),(2231,263,45,45,4,'30a3ce8b78d64948a5623aaea3b2dc6f','a9103a696ff649bfbbb07c0d3db274c0','7',1),(2232,334,50,50,4,'30a3ce8b78d64948a5623aaea3b2dc6f','7454b51517e04fb688a40ef7c3c48aec','7',1),(2233,282,65,65,4,'30a3ce8b78d64948a5623aaea3b2dc6f','3206a513076b472c9e3e572fca53ea33','7',1),(2234,231,30,30,4,'3731e3870f0d4af3b478ce4d1e073305','b7f3778c85084ebea0c444d6823d310c','8',1),(2235,318,45,45,4,'3731e3870f0d4af3b478ce4d1e073305','666e7bc0ac5a48b1bbb4ddedae143272','8',1),(2236,264,45,45,4,'3731e3870f0d4af3b478ce4d1e073305','6e9563aabe664dcbbf84a0fe5772da6f','8',1),(2237,344,50,50,4,'3731e3870f0d4af3b478ce4d1e073305','3c255a632fcf4a099d708fda1e4cf0ec','8',1),(2238,237,35,35,4,'f9295b698ad049deaaa5ed28564bc466','e461a1c80dd94a9cb05cda906ef6e612','c24e88ccbcafd47e684b7db0ff222a55',1),(2239,272,45,45,4,'117751efdae94f66beecd829c4352202','8a3916d088824983bf587aeb4dcaf8a0','4',1),(2240,279,55,55,4,'117751efdae94f66beecd829c4352202','cfbfc7445d464d3d828136a71ecd344e','4',1),(2241,334,50,50,4,'8536c88321db41c7b53c1341519038d2','6d2eaffbb9c145efb419696b2a3b124c','cb6bd057006c04ea3a7c067515dad179',1),(2242,230,25,25,4,'cd05e0c438e64ce488dbcc946ed69cab','ab84e128a76c487fb1c0cfc69fd44014','6',1),(2243,232,35,35,4,'cd05e0c438e64ce488dbcc946ed69cab','0511708af9f9492e88d42f1bf7867e1d','6',1),(2244,232,35,35,4,'cd05e0c438e64ce488dbcc946ed69cab','0cf79ba756c341e5b9e8f3f1e7479d85','6',1),(2245,324,45,45,4,'cd05e0c438e64ce488dbcc946ed69cab','6fda64143f344fd4b4ea53e0b9dba946','6',1),(2246,322,45,45,4,'cd05e0c438e64ce488dbcc946ed69cab','8818be6ad7bd4b098272a822d5640068','6',1),(2247,263,45,45,4,'cd05e0c438e64ce488dbcc946ed69cab','909076e661b54aa8b92a99ba790b8dd5','6',1),(2248,367,50,50,4,'cd05e0c438e64ce488dbcc946ed69cab','85e4ec0e9e3543719bff9961d1306cc9','6',1),(2249,337,55,55,4,'cd05e0c438e64ce488dbcc946ed69cab','0a08a08124824bef9643eecde27ff147','6',1),(2250,277,55,55,4,'cd05e0c438e64ce488dbcc946ed69cab','1c1783fe39534ed88d27ce7923edc602','6',1),(2251,229,20,20,4,'0edda83c65a3473889a7c6227b551bdb','752f3e3205b24329a075f241ecc2a2b3','8',1),(2252,231,30,30,4,'0edda83c65a3473889a7c6227b551bdb','44fdd2abc85645fa933f6f39010170af','8',1),(2253,231,30,30,4,'0edda83c65a3473889a7c6227b551bdb','f76862b133b9418aa04c323e02f08608','8',1),(2254,318,45,45,4,'0edda83c65a3473889a7c6227b551bdb','28b976f6efcd4738ba839678def86440','8',1),(2255,367,50,50,4,'0edda83c65a3473889a7c6227b551bdb','19cd33fa37354972ae36157b3f297d84','8',1),(2256,334,50,50,4,'0edda83c65a3473889a7c6227b551bdb','8f92af2e28d44ea9ad2e279941d253d1','8',1),(2257,334,50,50,4,'0edda83c65a3473889a7c6227b551bdb','d89c01a4d4ab40479cc62d1a25fb2e63','8',1),(2258,277,55,55,4,'0edda83c65a3473889a7c6227b551bdb','a76883b1589142eabb3655b0cb03bf81','8',1),(2259,229,20,20,4,'3ab1f0d53ad24341a02033bc86984c4c','986efd5477d54a76ad332d456b3617b4','5',1),(2260,229,20,20,4,'3ab1f0d53ad24341a02033bc86984c4c','e87a3cc5da884ece9ba980eb35d4aa57','5',1),(2261,229,20,20,4,'3ab1f0d53ad24341a02033bc86984c4c','fc33d0392065467ba19c34e9a2caa847','5',2),(2262,360,55,55,4,'fe37e44c18734b14858e47ca43e4f1df','ac2e49ad7ecb4e689c1409c3ca4bc80f','3',2),(2263,363,60,60,4,'fe37e44c18734b14858e47ca43e4f1df','31eb4d0557244cd787fcc6fe7c0a75ef','3',1),(2264,365,60,60,4,'fe37e44c18734b14858e47ca43e4f1df','8a3a112e886246d2be92391fd2d4e76e','3',1),(2265,363,60,60,4,'fe37e44c18734b14858e47ca43e4f1df','9d161326c5a542b88358c765748fbd50','3',3),(2266,231,30,30,4,'88e4ee78bc9740589e35848c7585a55c','9cfe28b784804899860631c866f4a91b','c24e88ccbcafd47e684b7db0ff222a55',1),(2267,266,45,45,4,'f125fdd064ff4cb2b2ab72ccc5c8c0bc','f9901c1595f444cfbfbeaf756d68708d','c6234bafde05d430ab62abfbfea2e278',1),(2268,369,60,60,4,'f125fdd064ff4cb2b2ab72ccc5c8c0bc','9a7cd785583e4ce2ac9be3169f3e009c','c6234bafde05d430ab62abfbfea2e278',1),(2269,330,35,50,4,'53d1b948cac042ba8fea36aa1b74a5b0','d2df5a1cb0564b9694752b599e4def81','8',1),(2270,336,39,55,4,'53d1b948cac042ba8fea36aa1b74a5b0','e9a95910d90947fbbffa6e625c3dff6a','8',1),(2271,362,60,60,4,'faabbbe008424013b1f7d3c1daf7ee11','e2f0a9851d7d48cbad0e6cc7a50acdf6','c24e88ccbcafd47e684b7db0ff222a55',1),(2272,257,35,35,4,'44fcc7988cf544d7a2b341b320685bf9','8613cf4d584e4f3ab2bd4466db15ead2','6',3),(2273,242,45,45,4,'44fcc7988cf544d7a2b341b320685bf9','131fb419b2014622877727b1d8effee0','6',2),(2274,279,55,55,4,'44fcc7988cf544d7a2b341b320685bf9','1a4d2267a754404eb62b8e43acf78b8d','6',1),(2275,347,55,55,4,'44fcc7988cf544d7a2b341b320685bf9','7c9b24c96e414f2aa038de5fc7f99e97','6',2),(2276,358,55,55,4,'44fcc7988cf544d7a2b341b320685bf9','80a663b2fe4a43e29b903ae47410fa10','6',3),(2277,310,65,65,4,'44fcc7988cf544d7a2b341b320685bf9','2fc33f173759477ea8f4fe242e67ef16','6',1),(2278,347,55,55,4,'829f1c0054cf4570b63a3730d37676b6','430a28516a7d468bbca3e68e47c9a058','c24e88ccbcafd47e684b7db0ff222a55',1),(2279,350,55,55,4,'829f1c0054cf4570b63a3730d37676b6','e68c3c5cfed54e23abf4417e3cc9ca61','c24e88ccbcafd47e684b7db0ff222a55',1),(2280,361,60,60,4,'887e0487b9694053966a3347181ecf92','61c5bf7ac0f14246b43101a9bc997ef6','1',1),(2281,361,60,60,4,'887e0487b9694053966a3347181ecf92','d1ed5507b5694442a3b66cea51d95e6c','1',2),(2282,363,60,60,4,'519e778606ff4c8a9cb74f51ba1d3d31','3355efc93bf246c6b8833353a9a67241','2',1),(2283,334,50,50,4,'a1a19622d39b4c7080e6f796b9874466','37886adcf6814e659a10f87a51925078','cb6bd057006c04ea3a7c067515dad179',1),(2284,265,45,45,4,'1048948e7d2640bc8e9707c0f436fe68','17e8c7140fc44045944d89801b7b317c','3',1),(2285,341,45,45,4,'1048948e7d2640bc8e9707c0f436fe68','7448c1635a7b455faacc185da5fe8f66','3',1),(2286,361,60,60,4,'1048948e7d2640bc8e9707c0f436fe68','60f3a23a47264355b6a5e9d0e7fc440d','3',2),(2287,275,55,55,4,'6c6d6009fe1a485ab001729b742423ae','e009df67deef40e39706a5c8fb98fa2d','c24e88ccbcafd47e684b7db0ff222a55',1),(2288,262,45,45,4,'67aae1b0130f47fe96b852f735193ad1','511068659f5a413895151d327ab06890','5',1),(2289,264,45,45,4,'67aae1b0130f47fe96b852f735193ad1','bb48e22178124e75bb2d570b500ae8ce','5',2),(2290,344,50,50,4,'67aae1b0130f47fe96b852f735193ad1','7f9762c4368c44ec8a96b8afb976f055','5',1),(2291,333,40,40,4,'98eb9581edc94dfd84322e98c9ed4614','32455c385e7c481597205ae22e669c03','cbd6f5fc1994e46c5ab4e726d47191a2',1),(2292,315,40,40,4,'98eb9581edc94dfd84322e98c9ed4614','5205da8da69f48079707539239d9d929','cbd6f5fc1994e46c5ab4e726d47191a2',1),(2293,322,45,45,4,'98eb9581edc94dfd84322e98c9ed4614','73c969d36b9f4a3bbfddd5e6a689b604','cbd6f5fc1994e46c5ab4e726d47191a2',1),(2294,318,45,45,4,'98eb9581edc94dfd84322e98c9ed4614','823b6be37c57406ca33b1193d8a2aae7','cbd6f5fc1994e46c5ab4e726d47191a2',1),(2295,334,50,50,4,'98eb9581edc94dfd84322e98c9ed4614','09d3eb5b6a794e56991042bef52de64b','cbd6f5fc1994e46c5ab4e726d47191a2',1),(2296,278,55,55,4,'98eb9581edc94dfd84322e98c9ed4614','09590ff9333241039159f7786c5c9b9e','cbd6f5fc1994e46c5ab4e726d47191a2',1),(2297,278,55,55,4,'98eb9581edc94dfd84322e98c9ed4614','0efdb1b081174806b8fa2e0543386506','cbd6f5fc1994e46c5ab4e726d47191a2',1),(2298,278,55,55,4,'98eb9581edc94dfd84322e98c9ed4614','8ce45a9c470a4278a25e7508cdb9a0bc','cbd6f5fc1994e46c5ab4e726d47191a2',1),(2299,277,55,55,4,'98eb9581edc94dfd84322e98c9ed4614','cadb0124802b43b1987c8a91baa832c6','cbd6f5fc1994e46c5ab4e726d47191a2',1),(2300,263,45,45,4,'581522da44584f0884dc298f8e3899c0','40da3812ed7f42829744424e793d00c5','1',2),(2301,275,55,55,4,'581522da44584f0884dc298f8e3899c0','f560c21e25bd4268a41959435518f51d','1',1),(2302,268,45,45,4,'e69682e34869413a92b28be38a2cb627','22ff40168d194b51b8eb9137a10d8c65','8',1),(2303,344,50,50,4,'e69682e34869413a92b28be38a2cb627','1f092d3d81d34dfba5ec953c9db23a4b','8',1),(2304,344,50,50,4,'e69682e34869413a92b28be38a2cb627','42412e6e50da486f9dace2acefebdc8e','8',3),(2305,344,50,50,4,'e69682e34869413a92b28be38a2cb627','cbabd67ac38f4e32b2790e49f95fb746','8',2),(2306,283,12,12,4,'5ae9286cbe7a4709b948a66dd08f26be','ce76c749ca85414ead2eacab6b06d4d0','6',1),(2307,344,50,50,4,'5ae9286cbe7a4709b948a66dd08f26be','03d1c76b1e7045a59e0126ed8dc4962e','6',1),(2308,358,55,55,4,'5ae9286cbe7a4709b948a66dd08f26be','337452825ca94232b525f787b122eb2e','6',1),(2309,345,55,55,4,'5ae9286cbe7a4709b948a66dd08f26be','9dcb0fb0e2bd4fef906403c3e77ed8e1','6',1),(2310,315,40,40,4,'8275bdbb030843b0a1fa391f940de1f5','5fb5e4f1a50a42b28c797a9ae60f8c0d','c24e88ccbcafd47e684b7db0ff222a55',1),(2311,339,55,55,4,'7e814b1661ec426eb2970f6be7835ec5','cedc991dae5b47608f36b903fd65c232','cef3f587abd6e4c61b0feb30756e30aa',1),(2312,356,55,55,4,'ec4df90ac3ff40c48a4ba171fc9d7924','2a140cb10d2a41b5bcf3452cd2433be9','c6234bafde05d430ab62abfbfea2e278',1),(2313,355,55,55,4,'ec4df90ac3ff40c48a4ba171fc9d7924','302bf667b020473e8fc2ea4c4caf258d','c6234bafde05d430ab62abfbfea2e278',1),(2314,355,55,55,4,'ec4df90ac3ff40c48a4ba171fc9d7924','634cde04206d4e42bbb4a4eccd640675','c6234bafde05d430ab62abfbfea2e278',1),(2315,355,55,55,4,'ec4df90ac3ff40c48a4ba171fc9d7924','e4084c7b91b448d0bcc96664f8aea690','c6234bafde05d430ab62abfbfea2e278',1),(2316,357,55,55,4,'ec4df90ac3ff40c48a4ba171fc9d7924','eebc440795e5402facf21677236ce386','c6234bafde05d430ab62abfbfea2e278',1),(2317,365,60,60,4,'ec4df90ac3ff40c48a4ba171fc9d7924','77f9d5d43304424d93c3327f547143eb','c6234bafde05d430ab62abfbfea2e278',1),(2318,287,35,35,4,'97232492a08846da831e886ec7ab350a','45583b8e748143cca7f03c357dcd4523','c0cf3a2d6f8304e6dab6ec7ef1129173',1),(2319,263,45,45,4,'ab20656318d34fda9a8308190a126731','14605ba0d20c4ec880eaf91e34221cc7','c24e88ccbcafd47e684b7db0ff222a55',1),(2320,344,50,50,4,'744c1279eaf34b3d962acf09092e2abc','d6269b2328db4d03883a2ac81b4c6124','c24e88ccbcafd47e684b7db0ff222a55',1),(2321,279,55,55,4,'744c1279eaf34b3d962acf09092e2abc','3184a3be10ab43b082747da2acadfa4f','c24e88ccbcafd47e684b7db0ff222a55',1),(2322,360,55,55,4,'7a018c2bc9774501b2eafa8f73989bc3','5bcbaa2cb73a4ca59f40cef2efcbb35d','9',1),(2323,279,55,55,4,'7a018c2bc9774501b2eafa8f73989bc3','fde25e1893884e42a6af79ed162ec9fb','9',1),(2324,229,20,20,4,'341c7e648e2d477193763eaafbdeff89','37321f888ce04cd3b937f3b04ad4da7c','5',1),(2325,229,20,20,4,'341c7e648e2d477193763eaafbdeff89','c0f240dd1d784857b2f9ef66fc90cd55','5',1),(2326,229,20,20,4,'341c7e648e2d477193763eaafbdeff89','e364cf9fe3344c77894b7bf25cd84a4a','5',1),(2327,258,30,30,4,'305edffa526f4654a24220843cc83ab4','4788e40a0c3e4e568ddcc501285c1e95','c24e88ccbcafd47e684b7db0ff222a55',1),(2328,271,45,45,4,'305edffa526f4654a24220843cc83ab4','e189f2dabd574dae95173c1fcd57a8ed','c24e88ccbcafd47e684b7db0ff222a55',1),(2329,318,45,45,4,'57187a4547eb434f8b79a92d72781ff0','2e263d8cbe7349a5993e6858c04cebe9','9',1),(2330,316,45,45,4,'57187a4547eb434f8b79a92d72781ff0','76183dff5ed543afa6b6099358da7958','9',1),(2331,344,50,50,4,'57187a4547eb434f8b79a92d72781ff0','12e38e7996c84ea6a623860b062e5187','9',1),(2332,277,55,55,4,'57187a4547eb434f8b79a92d72781ff0','85cbcf20b4674ed3bf524046f0b924d7','9',1),(2333,251,45,45,4,'a06d82591dc64ee4ae402d7f193fd767','b07bf0549f8c4e80bbd948f174969448','c24e88ccbcafd47e684b7db0ff222a55',1),(2334,319,50,50,4,'f8f470e28707426f834eb24ebd7daa1f','34631052b58a449fac4c33bf8c9c3ef0','c6234bafde05d430ab62abfbfea2e278',1),(2335,232,35,35,4,'7d102143f38f411588310a3b64125a28','7283811d96824b4e9e8be833e44f6df7','4',1),(2336,240,45,45,4,'7d102143f38f411588310a3b64125a28','0baee3ceca3940d1aa11fb5fc1cb4e15','4',1),(2337,273,45,45,4,'bf03d2806a3f4cca919c518bf9644c95','72ab6c1ab5d64ef59d1c44c33cbfd08c','c24e88ccbcafd47e684b7db0ff222a55',1),(2338,275,44,55,4,'9e4533f01a0640ea986278c727ec3dae','a4f40d941d6a4e1d999268219118befd','c6234bafde05d430ab62abfbfea2e278',1),(2339,275,44,55,4,'203a6cfb437642a98bdf94e600d973cb','6b56f0016c7b45c696b1c650aa3a4741','cef3f587abd6e4c61b0feb30756e30aa',1),(2340,277,44,55,4,'2f8e111f8557456ca61ab5a55f5a3e46','822b1b1bbbc740fc93d95f2b4b180e53','c0cf3a2d6f8304e6dab6ec7ef1129173',1),(2341,277,44,55,4,'ba12032dd4ac4d5682260b3525862d1f','645f7d4abab349d888d040ca416e9c34','c24e88ccbcafd47e684b7db0ff222a55',1),(2342,275,44,55,4,'ba12032dd4ac4d5682260b3525862d1f','ea5b8f492ed14884b362e11af921cece','c24e88ccbcafd47e684b7db0ff222a55',1),(2343,259,35,35,4,'f7695551b34942018c79825ff085cae9','2a00bf26fead4f1da69357b9b1844b39','c891fe33f45fb48abbfff56a483562db',1),(2344,259,35,35,4,'f7695551b34942018c79825ff085cae9','f9f93b63be42431093cfbc7ff1bc7966','c891fe33f45fb48abbfff56a483562db',1),(2345,363,48,60,4,'1b92b16963e64086ad1c2cb7d4117cdd','4543a565880945a4920d667910ef2160','3',1),(2346,272,45,45,4,'d879bfb2756842d6b3882fee5b189cdf','47b8a99bc8ba4f35a91e2affc56344ea','c093f5597124c44809e2393365326c16',1),(2347,272,45,45,4,'d879bfb2756842d6b3882fee5b189cdf','79c40dd0d840481b93f9f610edc9e0e5','c093f5597124c44809e2393365326c16',1),(2348,344,50,50,4,'aa8e8577600b4822b8a6806a9d7b9bc4','f4a3172605db409dac65f408c8df1de6','cef3f587abd6e4c61b0feb30756e30aa',1),(2349,360,55,55,4,'aa8e8577600b4822b8a6806a9d7b9bc4','c52ac7b5be7642499cc7e6616e90f103','cef3f587abd6e4c61b0feb30756e30aa',1),(2350,275,55,55,4,'58bfeb1986d54eb3bbd006ea43b35c76','5b4cb0493c6f46b0868b69361fcf2a39','2',1),(2351,345,55,55,7,'b7ddb95003ca439ea754717b22f01bfc','7903fca1622d480da09e8161fa696575','9',1),(2352,275,55,55,7,'b7ddb95003ca439ea754717b22f01bfc','e203fc3007ba40ecab2e43c413f0c00b','9',1),(2353,344,50,50,7,'fde821c5f46c4d62be745fe84f08f3ec','5384005f3cce4cb8816e711dd5f0eeb2','c24e88ccbcafd47e684b7db0ff222a55',1),(2354,275,55,55,7,'fde821c5f46c4d62be745fe84f08f3ec','b41d7a73723c40759665c56b6d308f9c','c24e88ccbcafd47e684b7db0ff222a55',1),(2355,262,45,45,7,'2fa50aefa34f427882046176cbe1c3d2','1c09da7ed60c480eb941573a95c8d59b','c6234bafde05d430ab62abfbfea2e278',1),(2356,341,45,45,7,'2fa50aefa34f427882046176cbe1c3d2','fd6235abf15a43b79c9f0991180525bc','c6234bafde05d430ab62abfbfea2e278',1),(2357,366,50,50,7,'2fa50aefa34f427882046176cbe1c3d2','1dabcdfe7fab40109e7d171000bd5f16','c6234bafde05d430ab62abfbfea2e278',1),(2358,347,55,55,7,'645e5dddab4347e4b5502d6dfe70a3ba','71a8ecbec8a04fb28af514dfb5e71f0d','3',1),(2359,268,45,45,7,'eda971cb634a4d419db4ec2f0b095213','ebf3be2cff934feb9dea4855bf3d963b','c24e88ccbcafd47e684b7db0ff222a55',1),(2360,365,60,60,7,'eda971cb634a4d419db4ec2f0b095213','13db70f8a3204e2a8869282bf7c3a572','c24e88ccbcafd47e684b7db0ff222a55',1),(2361,359,45,45,7,'4ac5b68759164eadba525622dd12b008','2967ac38236f41dea486bab5bdcab6ff','c6234bafde05d430ab62abfbfea2e278',1),(2362,359,45,45,7,'4ac5b68759164eadba525622dd12b008','b4cc5e138df4422ab68d99ac29dce567','c6234bafde05d430ab62abfbfea2e278',1),(2363,359,45,45,7,'4ac5b68759164eadba525622dd12b008','d22bf533f1df4743b0377154cce878c9','c6234bafde05d430ab62abfbfea2e278',1),(2364,270,45,45,4,'72332c5be40b44acbd8b2b54a3fca8c2','38929e4d61f04d5eaf726e30f1ec9d33','c6234bafde05d430ab62abfbfea2e278',1),(2365,258,30,30,7,'cecf206477f543999bcd2a65478eedc8','57387c1e3a92457db3969235895235ad','8',1),(2366,262,45,45,7,'cecf206477f543999bcd2a65478eedc8','d7035771937f43bbb8b2c57ad3de9ddb','8',1),(2367,366,50,50,7,'cecf206477f543999bcd2a65478eedc8','4d001b4f006c4e3b9a0e19542f2e96b2','8',1),(2368,342,55,55,7,'cecf206477f543999bcd2a65478eedc8','3fb897b6ca614e16a01c65cd488a5edd','8',1),(2369,281,60,60,7,'cecf206477f543999bcd2a65478eedc8','28e5dfc27b9542769a123bcc10bb1426','8',1),(2370,275,55,55,4,'de1f9c5d66374c568574a532b29ce1dd','e54dc19c4e2c4244a73e97011e380f4b','c0cf3a2d6f8304e6dab6ec7ef1129173',1),(2371,275,55,55,4,'de1f9c5d66374c568574a532b29ce1dd','f8b6a12fabcd49d18c95f9e49ae7ca3e','c0cf3a2d6f8304e6dab6ec7ef1129173',1),(2372,275,55,55,4,'656ef1fcefd74f2191182d03077e1694','08d744506739463da064eb9185afc69b','c24e88ccbcafd47e684b7db0ff222a55',1),(2373,141,20,20,4,'dc977a36a24e4f1aa8bc69e046bab48e','acbffe506d144f64ac24368825b24adf','c6234bafde05d430ab62abfbfea2e278',1),(2374,141,20,20,4,'dc977a36a24e4f1aa8bc69e046bab48e','d741458afbd24ba099a80326c7cce7be','c6234bafde05d430ab62abfbfea2e278',1),(2375,363,60,60,4,'dc977a36a24e4f1aa8bc69e046bab48e','0bd936b2e6034f89ae6007400126d548','c6234bafde05d430ab62abfbfea2e278',1),(2376,340,55,55,7,'033501aa8f2144b4918d9ff46f2be99a','4ae7dd9125814b14abefcd60af7872d9','4',1),(2377,280,55,55,7,'033501aa8f2144b4918d9ff46f2be99a','57b3c6f28edc47e1b74e012363e5158b','4',1),(2378,280,55,55,7,'033501aa8f2144b4918d9ff46f2be99a','af209d97ff3e4a66ad59d137507ada40','4',1),(2379,287,35,35,7,'e54d421748a9405290a3c748bdf687fd','4e1c4b26d5b34397b0365fcb2a9e9bf8','6',1),(2380,284,35,35,7,'e54d421748a9405290a3c748bdf687fd','6c9bcd0e3f594d8fa64f09431d1db8bd','6',1),(2381,287,35,35,7,'e54d421748a9405290a3c748bdf687fd','c1df446e8c2b47098b727a24a47514bf','6',1),(2382,263,45,45,7,'e54d421748a9405290a3c748bdf687fd','bf1d8d33b92c438a90e058a57b09f0f6','6',1),(2383,367,50,50,7,'e54d421748a9405290a3c748bdf687fd','8e3aff4d86d64a9ea48a50b43e23e1de','6',1),(2384,342,55,55,7,'e54d421748a9405290a3c748bdf687fd','4ad1f47d2c8f4a8c9118fe233bd7e235','6',1),(2385,342,55,55,7,'e54d421748a9405290a3c748bdf687fd','62e631f2cc5f456d9c77487d5b925101','6',1),(2386,342,55,55,7,'e54d421748a9405290a3c748bdf687fd','f00d81eaa31c43099d596fabcc147b1a','6',1);
/*!40000 ALTER TABLE `detalleventa` ENABLE KEYS */;
UNLOCK TABLES;

--
-- Table structure for table `empleado`
--

DROP TABLE IF EXISTS `empleado`;
/*!40101 SET @saved_cs_client     = @@character_set_client */;
/*!40101 SET character_set_client = utf8 */;
CREATE TABLE `empleado` (
  `EmpleadoId` int(11) NOT NULL AUTO_INCREMENT,
  `ApellidoPaterno` varchar(50) NOT NULL,
  `ApellidoMaterno` varchar(50) NOT NULL,
  `Nombre` varchar(50) NOT NULL,
  `Telefono` bigint(10) NOT NULL,
  `Direccion` varchar(250) NOT NULL,
  `Email` varchar(30) NOT NULL,
  `Sueldo` int(11) NOT NULL,
  `EstatusId` int(11) NOT NULL,
  `SucursalId` int(11) NOT NULL,
  `Ban_Visible` tinyint(1) NOT NULL,
  PRIMARY KEY (`EmpleadoId`),
  KEY `estatus` (`EstatusId`),
  KEY `EmpSucursal` (`SucursalId`),
  CONSTRAINT `EmpSucursal` FOREIGN KEY (`SucursalId`) REFERENCES `sucursal` (`SucursalId`) ON DELETE CASCADE ON UPDATE CASCADE,
  CONSTRAINT `estatus` FOREIGN KEY (`EstatusId`) REFERENCES `estatus` (`EstatusId`) ON DELETE CASCADE ON UPDATE CASCADE
) ENGINE=InnoDB AUTO_INCREMENT=6 DEFAULT CHARSET=latin1;
/*!40101 SET character_set_client = @saved_cs_client */;

--
-- Dumping data for table `empleado`
--

LOCK TABLES `empleado` WRITE;
/*!40000 ALTER TABLE `empleado` DISABLE KEYS */;
INSERT INTO `empleado` VALUES (1,'root','root','Vladim',111111111,'XXXXXXXXXXXXXXXX','root@hotmail.com',0,1,1,0),(2,'Calzada','García','Mari',7471318153,'Calle Canuto Neri, #35Int Barrio San Mateo','Mari',1300,1,1,0),(3,'X','X','Caja',1,'X','X',3000,1,1,0),(4,'Pineda','Soriano','Marco Antonio',7472180656,'Calle Sentimientos de la Nación, Colonia Anáhuac','AnthonyPVSTARK@gmail.com',750,1,1,1),(5,'García','Alarcón','Luis Carlos',7541040430,'Calle 16 de Septiembre, Mochitlán, Gro  C.P.39230','No Tiene',800,1,1,1);
/*!40000 ALTER TABLE `empleado` ENABLE KEYS */;
UNLOCK TABLES;

--
-- Table structure for table `empleadomovimiento`
--

DROP TABLE IF EXISTS `empleadomovimiento`;
/*!40101 SET @saved_cs_client     = @@character_set_client */;
/*!40101 SET character_set_client = utf8 */;
CREATE TABLE `empleadomovimiento` (
  `EmpleadoMovimientoId` int(11) NOT NULL AUTO_INCREMENT,
  `EmpleadoId` int(11) NOT NULL,
  `TipoMovimiento` varchar(30) NOT NULL,
  `Cantidad` int(11) NOT NULL,
  `Fecha` varchar(30) NOT NULL,
  `Observacion` varchar(100) NOT NULL,
  `EstatusId` int(11) NOT NULL,
  `SucursalId` int(11) NOT NULL,
  PRIMARY KEY (`EmpleadoMovimientoId`),
  KEY `empMov` (`EmpleadoId`),
  KEY `EstatusEMp` (`EstatusId`),
  KEY `EMov_sucursalId` (`SucursalId`),
  CONSTRAINT `EMov_sucursalId` FOREIGN KEY (`SucursalId`) REFERENCES `sucursal` (`SucursalId`) ON DELETE CASCADE ON UPDATE CASCADE,
  CONSTRAINT `EstatusEMp` FOREIGN KEY (`EstatusId`) REFERENCES `estatus` (`EstatusId`) ON DELETE CASCADE ON UPDATE CASCADE,
  CONSTRAINT `empMov` FOREIGN KEY (`EmpleadoId`) REFERENCES `empleado` (`EmpleadoId`) ON DELETE CASCADE ON UPDATE CASCADE
) ENGINE=InnoDB AUTO_INCREMENT=2 DEFAULT CHARSET=latin1;
/*!40101 SET character_set_client = @saved_cs_client */;

--
-- Dumping data for table `empleadomovimiento`
--

LOCK TABLES `empleadomovimiento` WRITE;
/*!40000 ALTER TABLE `empleadomovimiento` DISABLE KEYS */;
INSERT INTO `empleadomovimiento` VALUES (1,2,'Descuento',40,'28-06-2018','Pago de Frappé equivocado',5,1);
/*!40000 ALTER TABLE `empleadomovimiento` ENABLE KEYS */;
UNLOCK TABLES;

--
-- Table structure for table `estatus`
--

DROP TABLE IF EXISTS `estatus`;
/*!40101 SET @saved_cs_client     = @@character_set_client */;
/*!40101 SET character_set_client = utf8 */;
CREATE TABLE `estatus` (
  `EstatusId` int(11) NOT NULL AUTO_INCREMENT,
  `Descripcion` varchar(50) NOT NULL,
  `Clase` varchar(100) NOT NULL,
  PRIMARY KEY (`EstatusId`)
) ENGINE=InnoDB AUTO_INCREMENT=17 DEFAULT CHARSET=latin1;
/*!40101 SET character_set_client = @saved_cs_client */;

--
-- Dumping data for table `estatus`
--

LOCK TABLES `estatus` WRITE;
/*!40000 ALTER TABLE `estatus` DISABLE KEYS */;
INSERT INTO `estatus` VALUES (1,'Activo','label label-success'),(2,'Inactivo','label label-danger'),(3,'Pendiente','label label-success'),(4,'En proceso','label label-warning'),(5,'Terminada','label label-danger'),(6,'Cancelado','label label-danger'),(7,'Libre','label label-success'),(8,'Ocupada','label label-danger'),(9,'En construcción','label label-danger'),(10,'En espera de Cobro ','label label-warning'),(11,'Egreso',''),(12,'Ingreso',''),(13,'Pendiente por cobrar',''),(14,'Cobrado',''),(15,'Reservado',''),(16,'Aplicado','');
/*!40000 ALTER TABLE `estatus` ENABLE KEYS */;
UNLOCK TABLES;

--
-- Table structure for table `extas`
--

DROP TABLE IF EXISTS `extas`;
/*!40101 SET @saved_cs_client     = @@character_set_client */;
/*!40101 SET character_set_client = utf8 */;
CREATE TABLE `extas` (
  `ExtraId` int(11) NOT NULL AUTO_INCREMENT,
  `Descripcion` varchar(50) NOT NULL,
  `Porcion` int(11) NOT NULL,
  `Precio` int(11) NOT NULL,
  `EstatusId` int(11) NOT NULL,
  `SucursalId` int(11) NOT NULL,
  `InsumoId` int(11) NOT NULL,
  `PrecioConstruccion` float NOT NULL,
  `PrecioMedida` float NOT NULL,
  PRIMARY KEY (`ExtraId`),
  KEY `EstatusExtras` (`EstatusId`),
  KEY `SucursalExtras` (`SucursalId`),
  KEY `ExtrasInsumo` (`InsumoId`),
  CONSTRAINT `EstatusExtras` FOREIGN KEY (`EstatusId`) REFERENCES `estatus` (`EstatusId`) ON DELETE CASCADE ON UPDATE CASCADE,
  CONSTRAINT `ExtrasInsumo` FOREIGN KEY (`InsumoId`) REFERENCES `insumos` (`InsumoId`) ON DELETE CASCADE ON UPDATE CASCADE,
  CONSTRAINT `SucursalExtras` FOREIGN KEY (`SucursalId`) REFERENCES `sucursal` (`SucursalId`) ON DELETE CASCADE ON UPDATE CASCADE
) ENGINE=InnoDB AUTO_INCREMENT=6 DEFAULT CHARSET=latin1;
/*!40101 SET character_set_client = @saved_cs_client */;

--
-- Dumping data for table `extas`
--

LOCK TABLES `extas` WRITE;
/*!40000 ALTER TABLE `extas` DISABLE KEYS */;
INSERT INTO `extas` VALUES (1,'Ingrediente Extra',1,12,1,1,11,5,5),(2,'Vaso 4oz Extra',1,4,1,1,13,0.3,0.3),(3,'Topping Extra',1,7,1,1,16,2,2),(4,'Perlas explosivas',1,12,1,1,17,5,5),(5,'Temaki',1,5,1,1,18,0.05,0.05);
/*!40000 ALTER TABLE `extas` ENABLE KEYS */;
UNLOCK TABLES;

--
-- Table structure for table `frases`
--

DROP TABLE IF EXISTS `frases`;
/*!40101 SET @saved_cs_client     = @@character_set_client */;
/*!40101 SET character_set_client = utf8 */;
CREATE TABLE `frases` (
  `FraseId` int(11) NOT NULL AUTO_INCREMENT,
  `Frase` varchar(350) NOT NULL,
  `SucursalId` int(11) NOT NULL,
  PRIMARY KEY (`FraseId`),
  KEY `Frases_SucursalId` (`SucursalId`),
  CONSTRAINT `Frases_SucursalId` FOREIGN KEY (`SucursalId`) REFERENCES `sucursal` (`SucursalId`) ON DELETE CASCADE ON UPDATE CASCADE
) ENGINE=InnoDB AUTO_INCREMENT=7 DEFAULT CHARSET=latin1;
/*!40101 SET character_set_client = @saved_cs_client */;

--
-- Dumping data for table `frases`
--

LOCK TABLES `frases` WRITE;
/*!40000 ALTER TABLE `frases` DISABLE KEYS */;
INSERT INTO `frases` VALUES (1,'El buen juicio proviene de la experiencia, y la experiencia proviene del mal juiciooo',1),(2,'La experiencia es la suma de nuestros desengaños',1),(3,'El alma no encuentra en el crisol de la experiencia sino del oro que ha vertido en él',1),(4,'Convierte tus heridas en sabiduría.',1),(5,'Todo el conocimiento duele',1),(6,'Quién no vive para servir... No sirve para vivir',1);
/*!40000 ALTER TABLE `frases` ENABLE KEYS */;
UNLOCK TABLES;

--
-- Table structure for table `gastos`
--

DROP TABLE IF EXISTS `gastos`;
/*!40101 SET @saved_cs_client     = @@character_set_client */;
/*!40101 SET character_set_client = utf8 */;
CREATE TABLE `gastos` (
  `GastoId` int(11) NOT NULL AUTO_INCREMENT,
  `Descripcion` varchar(250) NOT NULL,
  `SucursalId` int(11) NOT NULL,
  `UsuarioId` int(11) NOT NULL,
  `Fecha` date NOT NULL,
  `Importe` float NOT NULL,
  `EstatusId` int(11) NOT NULL,
  `Calculo` int(11) NOT NULL,
  PRIMARY KEY (`GastoId`),
  KEY `GasSucursal` (`SucursalId`),
  CONSTRAINT `GasSucursal` FOREIGN KEY (`SucursalId`) REFERENCES `sucursal` (`SucursalId`) ON DELETE CASCADE ON UPDATE CASCADE
) ENGINE=InnoDB AUTO_INCREMENT=6 DEFAULT CHARSET=latin1;
/*!40101 SET character_set_client = @saved_cs_client */;

--
-- Dumping data for table `gastos`
--

LOCK TABLES `gastos` WRITE;
/*!40000 ALTER TABLE `gastos` DISABLE KEYS */;
INSERT INTO `gastos` VALUES (1,'Mercado',1,4,'2018-07-02',100,11,1),(2,'Fresa',1,4,'2018-07-02',50,11,1),(3,'Pago Tisanas',1,2,'2018-07-09',106,11,0),(4,'C ompras',1,4,'2018-07-20',100,11,1),(5,'Pago',1,4,'2018-07-20',50,12,1);
/*!40000 ALTER TABLE `gastos` ENABLE KEYS */;
UNLOCK TABLES;

--
-- Table structure for table `historiaempleadosueldo`
--

DROP TABLE IF EXISTS `historiaempleadosueldo`;
/*!40101 SET @saved_cs_client     = @@character_set_client */;
/*!40101 SET character_set_client = utf8 */;
CREATE TABLE `historiaempleadosueldo` (
  `EmpleadoSueldoId` int(11) NOT NULL AUTO_INCREMENT,
  `EmpleadoId` int(11) NOT NULL,
  `Importe` int(11) NOT NULL,
  `FechaPago` varchar(20) NOT NULL,
  `Bonos` int(11) NOT NULL,
  `Descuentos` int(11) NOT NULL,
  `SucursalId` int(11) NOT NULL,
  PRIMARY KEY (`EmpleadoSueldoId`),
  KEY `HistEmpleado` (`EmpleadoId`),
  KEY `hes_sucursalId` (`SucursalId`),
  CONSTRAINT `HistEmpleado` FOREIGN KEY (`EmpleadoId`) REFERENCES `empleado` (`EmpleadoId`) ON DELETE CASCADE ON UPDATE CASCADE,
  CONSTRAINT `hes_sucursalId` FOREIGN KEY (`SucursalId`) REFERENCES `sucursal` (`SucursalId`) ON DELETE CASCADE ON UPDATE CASCADE
) ENGINE=InnoDB DEFAULT CHARSET=latin1;
/*!40101 SET character_set_client = @saved_cs_client */;

--
-- Dumping data for table `historiaempleadosueldo`
--

LOCK TABLES `historiaempleadosueldo` WRITE;
/*!40000 ALTER TABLE `historiaempleadosueldo` DISABLE KEYS */;
/*!40000 ALTER TABLE `historiaempleadosueldo` ENABLE KEYS */;
UNLOCK TABLES;

--
-- Table structure for table `historialcaja`
--

DROP TABLE IF EXISTS `historialcaja`;
/*!40101 SET @saved_cs_client     = @@character_set_client */;
/*!40101 SET character_set_client = utf8 */;
CREATE TABLE `historialcaja` (
  `idHistorialCaja` int(100) NOT NULL AUTO_INCREMENT,
  `MontoApertura` int(100) NOT NULL,
  `MontoCierre` float NOT NULL,
  `IdUsuario` int(10) NOT NULL,
  `SucursalId` int(11) NOT NULL,
  `FechaActual` date NOT NULL,
  `Gastos` float NOT NULL,
  `Ingreso` float NOT NULL,
  `Ventas_efectivo` float NOT NULL,
  `Ventas_tarjeta` float NOT NULL,
  `Costeo_Producto` float NOT NULL,
  `Costeo_Extra` float NOT NULL,
  `ventas_turno` int(11) NOT NULL,
  `Desc_especial` int(11) NOT NULL,
  `Total` float NOT NULL,
  PRIMARY KEY (`idHistorialCaja`),
  KEY `usuarios_caja` (`IdUsuario`),
  KEY `historiaCajaSucursalId` (`SucursalId`),
  CONSTRAINT `historiaCajaSucursalId` FOREIGN KEY (`SucursalId`) REFERENCES `sucursal` (`SucursalId`) ON DELETE CASCADE ON UPDATE CASCADE,
  CONSTRAINT `usuarios_caja` FOREIGN KEY (`IdUsuario`) REFERENCES `usuario` (`UsuarioId`) ON DELETE CASCADE ON UPDATE CASCADE
) ENGINE=InnoDB AUTO_INCREMENT=51 DEFAULT CHARSET=latin1;
/*!40101 SET character_set_client = @saved_cs_client */;

--
-- Dumping data for table `historialcaja`
--

LOCK TABLES `historialcaja` WRITE;
/*!40000 ALTER TABLE `historialcaja` DISABLE KEYS */;
INSERT INTO `historialcaja` VALUES (1,900,900,4,1,'2018-06-28',0,0,1749,0,23.0545,10,46,0,2649),(2,900,900,4,1,'2018-06-29',0,0,2070,0,61.2564,25,55,15,2970),(3,900,900,4,1,'2018-07-01',0,0,1842,0,16.9988,30,46,11,2742),(4,900,900,4,1,'2018-07-02',150,0,1741,0,25.6943,15,44,0,2491),(5,900,900,4,1,'2018-07-03',0,0,2543,0,60.85,15,63,20,3443),(6,900,900,4,1,'2018-07-04',0,0,1432,0,43.0638,5,34,16,2332),(7,900,900,4,1,'2018-07-05',0,0,1476,0,24.4452,10,41,12,2376),(8,900,900,4,1,'2018-07-06',0,0,1698,0,21.8254,15.3,44,22,2598),(9,900,900,4,1,'2018-07-08',0,0,2078,0,54.3461,40,52,31,2978),(10,900,900,4,1,'2018-07-09',0,0,2075,0,58.4064,20,52,0,2975),(11,900,900,4,1,'2018-07-10',0,0,1658,0,54.6991,0,45,0,2558),(12,900,0,4,1,'2018-07-11',0,0,0,0,0,0,0,0,0),(13,900,900,4,1,'2018-07-12',0,0,1736,0,58.8296,15,43,0,2636),(14,900,900,4,1,'2018-07-13',0,0,2517,0,17.2988,35,61,0,3417),(15,900,900,4,1,'2018-07-15',0,0,2812,0,30.3648,30,69,36,3712),(16,900,900,4,1,'2018-07-16',0,0,1371,0,6.0596,15,35,0,2271),(17,900,900,4,1,'2018-07-17',0,0,2487,0,38.0426,20,66,0,3387),(18,900,900,4,1,'2018-07-18',0,0,2582,0,60.4387,35,64,0,3482),(19,900,900,4,1,'2018-07-19',0,0,2070,0,42.9708,0,54,0,2970),(20,900,900,4,1,'2018-07-20',100,50,1839,0,20.9277,0,49,22,2689),(21,900,900,4,1,'2018-07-22',0,0,2326,0,62.7369,10,60,0,3226),(22,900,900,4,1,'2018-07-23',0,0,1547,0,21.199,10,41,5,2447),(23,900,900,4,1,'2018-07-24',0,0,2462,0,92.5826,10,63,0,3362),(24,900,900,4,1,'2018-07-25',0,0,1984,0,11.7192,10,51,0,2884),(25,900,900,4,1,'2018-07-26',0,0,1677,0,19.1456,15,44,0,2577),(26,900,900,4,1,'2018-07-27',0,0,1492,0,21.6654,10,36,0,2392),(27,900,900,4,1,'2018-07-29',0,0,2087,0,27.345,15.6,52,0,2987),(28,900,900,4,1,'2018-07-30',0,0,3365,0,108.514,20,80,0,4265),(29,900,900,4,1,'2018-07-31',0,0,1560,0,32.223,10,43,12,2460),(30,900,900,4,1,'2018-08-01',0,0,2161,0,46.8246,20,60,105,3061),(31,900,900,4,1,'2018-08-02',0,0,1315,0,30.1978,5,36,0,2215),(32,900,900,4,1,'2018-08-03',0,0,2455,0,39.0069,5,68,0,3355),(33,900,900,4,1,'2018-08-05',0,0,1687,0,17.4798,5,42,0,2587),(34,900,900,4,1,'2018-08-06',0,0,1762,0,19.2256,10,48,52,2662),(35,900,900,4,1,'2018-08-07',0,0,1313,0,44.969,0,35,0,2213),(36,900,900,4,1,'2018-08-08',0,0,2294,0,67.9214,20,58,0,3194),(37,900,900,4,1,'2018-08-09',0,0,1472,0,8.8194,10,39,0,2372),(38,900,900,4,1,'2018-08-10',0,0,2456,0,53.3733,10,60,0,3356),(39,900,900,4,1,'2018-08-12',0,0,1721,0,31.4452,0,42,0,2621),(40,900,900,4,1,'2018-08-20',0,0,3576,0,1.44,25,72,30,4476),(41,900,900,4,1,'2018-08-21',0,0,1842,0,0.78,5,39,0,2742),(42,900,900,4,1,'2018-08-22',0,0,2027,0,0.86,5,43,0,2927),(43,900,900,4,1,'2018-08-23',0,0,2422,0,1,5,50,15,3322),(44,900,900,4,1,'2018-08-24',0,0,2000,0,0.86,10,43,55,2900),(45,900,900,4,1,'2018-08-26',0,0,2328,0,0.98,10,49,0,3228),(46,900,900,4,1,'2018-08-27',0,0,1338,0,0.58,5,29,0,2238),(47,900,900,4,1,'2018-08-28',0,0,1975,0,0.8,15,40,53,2875),(48,900,900,4,1,'2018-08-29',0,0,765,0,0.36,0,18,0,1665),(49,900,900,4,1,'2018-08-30',0,0,2281,0,0.98,5,49,49,3181),(50,900,0,4,1,'2018-08-31',0,0,0,0,0,0,0,0,0);
/*!40000 ALTER TABLE `historialcaja` ENABLE KEYS */;
UNLOCK TABLES;

--
-- Table structure for table `insumos`
--

DROP TABLE IF EXISTS `insumos`;
/*!40101 SET @saved_cs_client     = @@character_set_client */;
/*!40101 SET character_set_client = utf8 */;
CREATE TABLE `insumos` (
  `InsumoId` int(11) NOT NULL AUTO_INCREMENT,
  `DescripcionInsumo` varchar(250) NOT NULL,
  `Stock` int(11) NOT NULL,
  `StockMinimo` int(11) NOT NULL,
  `Costo` float NOT NULL,
  `PrecioMedida` float NOT NULL,
  `Unidad` varchar(20) NOT NULL,
  `EstatusId` int(11) NOT NULL,
  `SucursalId` int(11) NOT NULL,
  `ProveedorId` int(11) NOT NULL,
  PRIMARY KEY (`InsumoId`),
  KEY `InsEstatus` (`EstatusId`),
  KEY `InsSuc` (`SucursalId`),
  KEY `proveedoresInsumos` (`ProveedorId`),
  CONSTRAINT `InsEstatus` FOREIGN KEY (`EstatusId`) REFERENCES `estatus` (`EstatusId`) ON DELETE CASCADE ON UPDATE CASCADE,
  CONSTRAINT `InsSuc` FOREIGN KEY (`SucursalId`) REFERENCES `sucursal` (`SucursalId`) ON DELETE CASCADE ON UPDATE CASCADE,
  CONSTRAINT `proveedoresInsumos` FOREIGN KEY (`ProveedorId`) REFERENCES `proveedores` (`ProveedorId`) ON DELETE CASCADE ON UPDATE CASCADE
) ENGINE=InnoDB AUTO_INCREMENT=19 DEFAULT CHARSET=latin1;
/*!40101 SET character_set_client = @saved_cs_client */;

--
-- Dumping data for table `insumos`
--

LOCK TABLES `insumos` WRITE;
/*!40000 ALTER TABLE `insumos` DISABLE KEYS */;
INSERT INTO `insumos` VALUES (1,'Leche',2830,5000,220,0.0183,'ml',1,1,1),(2,'Vaso 12oz Frappé',649,200,1645,1.645,'piezas',1,1,3),(3,'Tapa Domo Frappé',649,200,895,0.895,'piezas',1,1,3),(4,'Popote',2649,1995,185,0.0925,'piezas',1,1,1),(5,'Servilletas',1149,500,101,0.0673,'piezas',1,1,1),(6,'Polvo Taro',1290,500,1146,0.8884,'g',1,1,1),(7,'Lechera',11675,3000,384,0.032,'ml',1,1,3),(8,'Kiwi',6,4,32,3.2,'piezas',1,1,2),(9,'Durazno',49,3,35,35,'piezas',1,1,2),(10,'General',9317,25,20,0.02,'piezas',1,1,3),(11,'Ingrediente Extra',25,20,500,5,'piezas',1,1,1),(12,'Ingrediente general',282,25,700,7,'piezas',1,1,2),(13,'Vaso 4oz Extra',77,10,30,0.3,'piezas',1,1,3),(14,'PruebaSucursal',10,5,70,7,'piezas',1,1,1),(15,'contador de rebanadas',7,1,45,6.4286,'piezas',1,1,1),(16,'Topping Extra',999,50,2000,2,'piezas',1,1,1),(17,'Perlas explosivas',100,20,500,5,'piezas',1,1,1),(18,'Temaki',99,10,5,0.05,'piezas',1,1,1);
/*!40000 ALTER TABLE `insumos` ENABLE KEYS */;
UNLOCK TABLES;

--
-- Table structure for table `insumosbaja`
--

DROP TABLE IF EXISTS `insumosbaja`;
/*!40101 SET @saved_cs_client     = @@character_set_client */;
/*!40101 SET character_set_client = utf8 */;
CREATE TABLE `insumosbaja` (
  `InsumoBajaId` int(50) NOT NULL AUTO_INCREMENT,
  `Descripcion` varchar(200) NOT NULL,
  `PorcionBaja` varchar(200) NOT NULL,
  `Perdida` varchar(200) NOT NULL,
  `Fecha` varchar(30) NOT NULL,
  `SucursalId` int(11) NOT NULL,
  PRIMARY KEY (`InsumoBajaId`),
  KEY `baja_inusmos_sucursalId` (`SucursalId`),
  CONSTRAINT `baja_inusmos_sucursalId` FOREIGN KEY (`SucursalId`) REFERENCES `sucursal` (`SucursalId`) ON DELETE CASCADE ON UPDATE CASCADE
) ENGINE=InnoDB DEFAULT CHARSET=latin1;
/*!40101 SET character_set_client = @saved_cs_client */;

--
-- Dumping data for table `insumosbaja`
--

LOCK TABLES `insumosbaja` WRITE;
/*!40000 ALTER TABLE `insumosbaja` DISABLE KEYS */;
/*!40000 ALTER TABLE `insumosbaja` ENABLE KEYS */;
UNLOCK TABLES;

--
-- Table structure for table `mesas`
--

DROP TABLE IF EXISTS `mesas`;
/*!40101 SET @saved_cs_client     = @@character_set_client */;
/*!40101 SET character_set_client = utf8 */;
CREATE TABLE `mesas` (
  `MesaId` int(11) NOT NULL AUTO_INCREMENT,
  `Descripcion` varchar(50) NOT NULL,
  `Asientos` int(11) NOT NULL,
  `SucursalId` int(11) NOT NULL,
  `EstatusId` int(1) NOT NULL,
  `Class` varchar(30) NOT NULL,
  `EstatusIdMesa` int(11) NOT NULL,
  `HoraLimiteAtencion` time NOT NULL,
  PRIMARY KEY (`MesaId`),
  KEY `MesaSucursal` (`SucursalId`),
  KEY `MesasEstatus` (`EstatusId`),
  KEY `estatussMesa` (`EstatusIdMesa`),
  CONSTRAINT `MesasEstatus` FOREIGN KEY (`EstatusId`) REFERENCES `estatus` (`EstatusId`) ON DELETE CASCADE ON UPDATE CASCADE,
  CONSTRAINT `MesasSuc` FOREIGN KEY (`SucursalId`) REFERENCES `sucursal` (`SucursalId`) ON DELETE CASCADE ON UPDATE CASCADE,
  CONSTRAINT `estatussMesa` FOREIGN KEY (`EstatusIdMesa`) REFERENCES `estatus` (`EstatusId`) ON DELETE CASCADE ON UPDATE CASCADE
) ENGINE=InnoDB AUTO_INCREMENT=19 DEFAULT CHARSET=latin1;
/*!40101 SET character_set_client = @saved_cs_client */;

--
-- Dumping data for table `mesas`
--

LOCK TABLES `mesas` WRITE;
/*!40000 ALTER TABLE `mesas` DISABLE KEYS */;
INSERT INTO `mesas` VALUES (1,'Mesa 1',3,1,7,'small-box bg-aqua-gradient',1,'22:30:00'),(2,'Mesa 2',3,1,7,'small-box bg-aqua-gradient',1,'22:30:00'),(3,'Mesa 3',3,1,7,'small-box bg-aqua-gradient',1,'22:30:00'),(4,'Mesa 4',4,1,7,'small-box bg-aqua-gradient',1,'22:30:00'),(5,'Mesa 5',4,1,7,'small-box bg-aqua-gradient',1,'22:30:00'),(6,'Mesa 6',10,1,7,'small-box bg-aqua-gradient',1,'22:30:00'),(7,'Mesa 7',10,1,7,'small-box bg-aqua-gradient',1,'23:30:00'),(8,'Mesa 8',10,1,7,'small-box bg-aqua-gradient',1,'22:30:00'),(9,'Mesa 9',10,1,7,'small-box bg-aqua-gradient',1,'22:30:00'),(10,'Mesa 10',10,1,7,'small-box bg-aqua-gradient',2,'21:50:00'),(11,'Mesa 11',10,1,7,'small-box bg-aqua-gradient',2,'21:50:00'),(12,'Mesa 12',10,1,7,'small-box bg-aqua-gradient',2,'21:50:00'),(13,'Mesa 13',11,1,7,'small-box bg-aqua-gradient',2,'21:50:00'),(14,'Mesa 14',15,1,7,'small-box bg-aqua-gradient',2,'21:50:00'),(15,'Mesa 15',15,1,7,'small-box bg-aqua-gradient',2,'21:50:00'),(16,'Mesa 16',10,1,7,'small-box bg-aqua-gradient',2,'21:50:00'),(17,'mesa 20',4,1,7,'small-box bg-aqua-gradient',2,'21:50:00'),(18,'Pedido',1,1,7,'small-box bg-aqua-gradient',2,'21:50:00');
/*!40000 ALTER TABLE `mesas` ENABLE KEYS */;
UNLOCK TABLES;

--
-- Table structure for table `modulo`
--

DROP TABLE IF EXISTS `modulo`;
/*!40101 SET @saved_cs_client     = @@character_set_client */;
/*!40101 SET character_set_client = utf8 */;
CREATE TABLE `modulo` (
  `ModuloId` int(11) NOT NULL AUTO_INCREMENT,
  `Descripcion` varchar(250) NOT NULL,
  `Linck` varchar(50) NOT NULL,
  `Icono` varchar(30) NOT NULL,
  `Clase` varchar(30) NOT NULL,
  PRIMARY KEY (`ModuloId`)
) ENGINE=InnoDB AUTO_INCREMENT=29 DEFAULT CHARSET=latin1;
/*!40101 SET character_set_client = @saved_cs_client */;

--
-- Dumping data for table `modulo`
--

LOCK TABLES `modulo` WRITE;
/*!40000 ALTER TABLE `modulo` DISABLE KEYS */;
INSERT INTO `modulo` VALUES (2,'Control de Inventario','','fa fa-calendar','treeview'),(4,'Toma de orden','','fa fa-coffee','treeview'),(5,'Control de Descuentos\r\n','cPromociones','fa fa-barcode',''),(7,'Reportes','cReportesVentas','fa fa-file-excel-o',''),(8,'Control de Nomina','','fa fa-file-text-o','treeview'),(10,'Cocina','','fa fa-ship','treeview'),(11,'Administracion','','fa fa-fw fa-cog','treeview'),(13,'Reservaciones','cReservaciones','fa fa-calendar-plus-o',''),(15,'Generar cuenta','cCuenta',' fa fa-cc-visa',''),(16,'Control de Caja','cCaja','glyphicon glyphicon-inbox',''),(17,'Reservaciones','cReservaciones','glyphicon glyphicon-time',''),(18,'Pedido de Mesa','cVenta','fa fa-fw fa-cutlery',''),(19,'Pedido de Barra','cPedido','fa fa-get-pocket',''),(20,'Catálogo de Notas','cNotas','glyphicon glyphicon-duplicate',''),(21,'Alimentos','cOrdenes','fa fa-apple',''),(22,'Bebidas','cOrdenes/Bebidas','fa fa-coffee',''),(23,'Control de Mesa','CambioMesa','fa fa-exchange',''),(24,'Flujo de efectivo','cGastos','fa fa-dollar',''),(26,'Control Ventas','cControlVentas','glyphicon glyphicon-list-alt',''),(27,'Cancelación de Pedidos','cCancelarPedido','glyphicon glyphicon-list-alt',''),(28,'Abrir cajón','cCaja/abrirCajon','fa fa-unlock','');
/*!40000 ALTER TABLE `modulo` ENABLE KEYS */;
UNLOCK TABLES;

--
-- Table structure for table `nomina`
--

DROP TABLE IF EXISTS `nomina`;
/*!40101 SET @saved_cs_client     = @@character_set_client */;
/*!40101 SET character_set_client = utf8 */;
CREATE TABLE `nomina` (
  `NominaId` int(11) NOT NULL AUTO_INCREMENT,
  `FechaPago` varchar(20) NOT NULL,
  `EmpleadoSueldoId` int(11) NOT NULL,
  `SucursalId` int(11) NOT NULL,
  PRIMARY KEY (`NominaId`),
  KEY `NomSuc` (`SucursalId`),
  KEY `EmpleadoSueldoId` (`EmpleadoSueldoId`),
  CONSTRAINT `EmpleadoSueldoId` FOREIGN KEY (`EmpleadoSueldoId`) REFERENCES `historiaempleadosueldo` (`EmpleadoSueldoId`) ON DELETE CASCADE ON UPDATE CASCADE,
  CONSTRAINT `NomSuc` FOREIGN KEY (`SucursalId`) REFERENCES `sucursal` (`SucursalId`) ON DELETE CASCADE ON UPDATE CASCADE
) ENGINE=InnoDB DEFAULT CHARSET=latin1;
/*!40101 SET character_set_client = @saved_cs_client */;

--
-- Dumping data for table `nomina`
--

LOCK TABLES `nomina` WRITE;
/*!40000 ALTER TABLE `nomina` DISABLE KEYS */;
/*!40000 ALTER TABLE `nomina` ENABLE KEYS */;
UNLOCK TABLES;

--
-- Table structure for table `notas`
--

DROP TABLE IF EXISTS `notas`;
/*!40101 SET @saved_cs_client     = @@character_set_client */;
/*!40101 SET character_set_client = utf8 */;
CREATE TABLE `notas` (
  `NotaId` int(11) NOT NULL AUTO_INCREMENT,
  `Descripcion` varchar(350) NOT NULL,
  `SucursalId` int(11) NOT NULL,
  PRIMARY KEY (`NotaId`),
  KEY `Notas_SucursalId` (`SucursalId`),
  CONSTRAINT `Notas_SucursalId` FOREIGN KEY (`SucursalId`) REFERENCES `sucursal` (`SucursalId`) ON DELETE CASCADE ON UPDATE CASCADE
) ENGINE=InnoDB AUTO_INCREMENT=72 DEFAULT CHARSET=latin1;
/*!40101 SET character_set_client = @saved_cs_client */;

--
-- Dumping data for table `notas`
--

LOCK TABLES `notas` WRITE;
/*!40000 ALTER TABLE `notas` DISABLE KEYS */;
INSERT INTO `notas` VALUES (3,'Sin Chispas',1),(4,'Sólo Ingrediente',1),(5,'J. Chocolate',1),(6,'J. Fresa',1),(7,'Sólo Crema Batida',1),(8,'Fría',1),(9,'Al Tiempo',1),(10,'Para Niño',1),(11,'Para Niña',1),(12,'Adulto',1),(13,'Para Llevar',1),(14,'Para Aquí',1),(15,'Poca Azúcar',1),(16,'Vaso Para Llevar',1),(17,'Cargado',1),(18,'Sin Perlas',1),(19,'Chipotle',1),(20,'Capsut',1),(21,'Chile Envinagre',1),(22,'Nuteliaa',1),(23,'H. Oreo',1),(24,'H. Vainilla',1),(25,'H. Fresa',1),(26,'Jamón',1),(27,'Helado en Vaso',1),(29,'Para 10minutos ',1),(30,'sin azucar',1),(31,'tibio',1),(32,'SIN CREMA',1),(33,'cargado',1),(34,'sin bombom',1),(35,'Un poco mas de azúcar',1),(36,'Poco ingrediente',1),(37,'7:15',1),(38,'7:15pm',1),(39,'Dorada',1),(40,'Feliz cumpleaños',1),(41,'Gusano',1),(42,'Canasta',1),(43,'Sin Jarabe',1),(44,'Limon',1),(45,'en cono',1),(46,'manzanilla',1),(47,'Te amo',1),(48,'combinado',1),(49,'a un lado',1),(50,'poca mermelada',1),(51,'hierbabuena',1),(52,'genjibre y canela',1),(53,'canela',1),(54,'dividido',1),(55,'copa',1),(56,'jengibre',1),(57,'poco cafe',1),(58,'sin perlas',1),(59,'Panditas',1),(60,'Kranky',1),(61,'Chocoretas',1),(62,'Barquillo Cappuccino',1),(63,'Barquillo Vainilla',1),(64,'Barquillo Fresa',1),(65,'Bubulubu',1),(66,'Carlos V',1),(67,'Carlos V Blanco',1),(68,'Bocadín',1),(69,'Paleta Coronado',1),(70,'Cremino',1),(71,'ChupaChups',1);
/*!40000 ALTER TABLE `notas` ENABLE KEYS */;
UNLOCK TABLES;

--
-- Table structure for table `pedido`
--

DROP TABLE IF EXISTS `pedido`;
/*!40101 SET @saved_cs_client     = @@character_set_client */;
/*!40101 SET character_set_client = utf8 */;
CREATE TABLE `pedido` (
  `PedidoId` int(11) NOT NULL AUTO_INCREMENT,
  `Direccion` varchar(255) NOT NULL,
  `Telefono` int(11) NOT NULL,
  `SucursalId` int(11) NOT NULL,
  PRIMARY KEY (`PedidoId`),
  KEY `PedidoSuc` (`SucursalId`),
  CONSTRAINT `PedidoSuc` FOREIGN KEY (`SucursalId`) REFERENCES `sucursal` (`SucursalId`) ON DELETE CASCADE ON UPDATE CASCADE
) ENGINE=InnoDB DEFAULT CHARSET=latin1;
/*!40101 SET character_set_client = @saved_cs_client */;

--
-- Dumping data for table `pedido`
--

LOCK TABLES `pedido` WRITE;
/*!40000 ALTER TABLE `pedido` DISABLE KEYS */;
/*!40000 ALTER TABLE `pedido` ENABLE KEYS */;
UNLOCK TABLES;

--
-- Table structure for table `productos`
--

DROP TABLE IF EXISTS `productos`;
/*!40101 SET @saved_cs_client     = @@character_set_client */;
/*!40101 SET character_set_client = utf8 */;
CREATE TABLE `productos` (
  `ProductoId` int(11) NOT NULL AUTO_INCREMENT,
  `NombreProducto` varchar(255) NOT NULL,
  `Descripcion` varchar(250) NOT NULL,
  `Duracion` varchar(50) NOT NULL,
  `Precio` decimal(11,0) NOT NULL,
  `EstatusId` int(11) NOT NULL,
  `SucursalId` int(11) NOT NULL,
  `categoriaId` int(11) NOT NULL,
  PRIMARY KEY (`ProductoId`),
  KEY `ProCategoriaId` (`categoriaId`),
  KEY `ProEstatus` (`EstatusId`),
  KEY `ProSucursal` (`SucursalId`),
  CONSTRAINT `ProCategoriaId` FOREIGN KEY (`categoriaId`) REFERENCES `categoria` (`CategoriaId`) ON DELETE CASCADE ON UPDATE CASCADE,
  CONSTRAINT `ProEstatus` FOREIGN KEY (`EstatusId`) REFERENCES `estatus` (`EstatusId`) ON DELETE CASCADE,
  CONSTRAINT `ProSucursal` FOREIGN KEY (`SucursalId`) REFERENCES `sucursal` (`SucursalId`) ON DELETE CASCADE ON UPDATE CASCADE
) ENGINE=InnoDB AUTO_INCREMENT=370 DEFAULT CHARSET=latin1;
/*!40101 SET character_set_client = @saved_cs_client */;

--
-- Dumping data for table `productos`
--

LOCK TABLES `productos` WRITE;
/*!40000 ALTER TABLE `productos` DISABLE KEYS */;
INSERT INTO `productos` VALUES (138,'Orden Galletas','Orden Galletas','5 Minutos',15,1,1,13),(139,'Banana Split Doble','Banana Split Doble','7 Minutos',55,1,1,13),(140,'Banana Split Triple','Banana Split Triple','7 Minutos',60,1,1,13),(141,'Helado Sencillo','Helado Sencillo','5 Minutos',20,1,1,13),(224,'Helado Doble','Helado Doble','5 Minutos',35,1,1,13),(226,'Café La Pintada 1/4Kg','Café La Pintada 1/4','5 Minutos',60,1,1,15),(227,'Café La Pintada 1/2Kg','Café La Pintada 1/2Kg','10 Minutos',110,1,1,15),(228,'Café La Pintada 1Kg','Café La Pintada 1Kg','10 Minutos',200,1,1,15),(229,'Americano 8oz','Americano 8oz','5 Minutos',20,1,1,2),(230,'Americano 12oz','Americano 12oz','5 Minutos',25,1,1,2),(231,'Cappuccino 8oz','Cappuccino 8oz','7 Minutos',30,1,1,2),(232,'Cappuccino 12oz','Cappuccino 12oz','7 Minutos',35,1,1,2),(233,'Cappuccino Caramelo 8oz','Cappuccino Caramelo 8oz','7 Minutos',35,1,1,2),(234,'Cappuccino Caramelo 12oz','Cappuccino Caramelo 12oz','7 Minutos',45,1,1,2),(235,'Cappuccino Plátano 8oz','Cappuccino Plátano 8oz','7 Minutos',35,1,1,2),(236,'Cappuccino Plátano 12oz','Cappuccino Plátano 12oz','7 Minutos',45,1,1,2),(237,'Cappuccino Vainilla 8oz','Cappuccino Vainilla 8oz','7 Minutos',35,1,1,2),(238,'Cappuccino Vainilla 12oz','Cappuccino Vainilla 12oz','7 Minutos',45,1,1,2),(239,'Cappuccino Rompope 8oz','Cappuccino Rompope 8oz','7 Minutos',35,1,1,2),(240,'Cappuccino Rompope 12oz','Cappuccino Rompope 12oz','7 Minutos',45,1,1,2),(241,'Cappuccino Moccha 8oz','Cappuccino Moccha 8oz','7 Minutos',35,1,1,2),(242,'Cappuccino Moccha 12oz','Cappuccino Moccha 12oz','7 Minutos',45,1,1,2),(243,'Latte 8oz','Latte 8oz','7 Minutos',30,1,1,2),(244,'Latte 12oz','Latte 12oz','7 Minutos',35,1,1,2),(245,'Espresso 4oz','Espresso 4oz','7 Minutos',12,1,1,2),(246,'Café con Leche 8oz','Café con Leche 8oz','7 Minutos',25,1,1,2),(247,'Café con Leche 12oz','Café con Leche 12oz','7 Minutos',30,1,1,2),(248,'Chocolate Bombón 8oz','Chocolate Bombón 8oz','7 Minutos',30,1,1,2),(249,'Chocolate Bombón 12oz','Chocolate Bombón 12oz','7 Minutos',35,1,1,2),(250,'Amor Café 8oz','Amor Café 8oz','7 Minutos',35,1,1,2),(251,'Amor Café 12oz','Amor Café 12oz','7 Minutos',45,1,1,2),(252,'Tisana Fresa Kiwi 8oz','Tisana Fresa Kiwi 8oz','7 Minutos',30,1,1,2),(253,'Tisana Fresa Kiwi 12oz','Tisana Fresa Kiwi 12oz','7 Minutos',35,1,1,2),(254,'Tisana Moras 8oz','Tisana Moras 8oz','7 Minutos',30,1,1,2),(255,'Tisana Moras 12oz','Tisana Moras 12oz','7 Minutos',35,1,1,2),(256,'Tisana Cítricos 8oz','Tisana Cítricos 8oz','7 Minutos',30,1,1,2),(257,'Tisana Cítricos 12oz','Tisana Cítricos 12oz','7 Minutos',35,1,1,2),(258,'Tisana Frutos Rojos 8oz','Tisana Frutos Rojos 8oz','7 Minutos',30,1,1,2),(259,'Tisana Frutos Rojos 12oz','Tisana Frutos Rojos 12oz','7 Minutos',35,1,1,2),(260,'Té 8oz','Té 8oz','7 Minutos',30,1,1,2),(261,'Té 12oz','Té 12oz','7 Minutos',35,1,1,2),(262,'FRAPPU','FRAPPU','7',45,1,1,4),(263,'MOCCHA ','MOCCHA','7',45,1,1,4),(264,'MOCCHA BANANA','MOCCHA BANANA','7',45,1,1,4),(265,'PIÑA COLADA','PIÑA COLADA','7',45,1,1,4),(266,'TAMARINDO CHAMOY','TAMARINDO CHAMOY','7',45,1,1,4),(267,'AVELLANA','AVELLANA','7',45,1,1,4),(268,'Cookies','Cookies','7',45,1,1,4),(269,'RED VELVET','RED VELVET','7',45,1,1,4),(270,'CAJETA','CAJETA','7',45,1,1,4),(271,'CHOCOMENTA','CHOCOMENTA','7',45,1,1,14),(272,'FRESA XPLOSIVA','FRESA XPLOSIVA','7',45,1,1,14),(273,'MANGO XPLOSIVO','MANGO XPLOSIVO','7',45,1,1,14),(274,'FRESAS CON CREMA','FRESAS CON CREMA','8',45,1,1,14),(275,'TARO','TARO','7',55,1,1,14),(276,'NUTELLA','NUTELLA','7',55,1,1,14),(277,'MALTEADA VAINILLA','MALTEADA VAINILLA','9 Minutos',55,1,1,9),(278,'MALTEADA CHOCOLATE','MALTEADA CHOCOLATE','9 Minutos',55,1,1,9),(279,'MALTEADA FRESA','MALTEADA FRESA','9 Minutos',55,1,1,9),(280,'MALTEADA PLÁTANO','MALTEADA PLÁTANO','9 Minutos',55,1,1,9),(281,'MALTEADA CAPPUCCINO','MALTEADA CAPPUCCINO','9 Minutos',60,1,1,15),(282,'MALTEADA NUTELLA','MALTEADA NUTELLA','9 Minutos',65,1,1,15),(283,'Agua Bonafont','Agua 600Ml','2 Minutos',12,1,1,1),(284,'Tisana Fresa Kiwi','Tisana Fresa Kiwi','10 Minutos',35,1,1,1),(285,'Tisana Moras','Tisana Moras','10 Minutos',35,1,1,1),(286,'Tisana Cítricos','Tisana Cítricos','10 Minutos',35,1,1,1),(287,'Tisana Frutos Rojos','Tisana Frutos Rojos','10 Minutos',35,1,1,1),(288,'Apple Cheese Maki','Apple Cheese Maki','7 Minutos',60,1,1,12),(289,'Cajetosa Maki','Cajetosa Maki','7 Minutos',50,1,1,12),(290,'Cajetosa Nuez Maki','Cajetosa Nuez Maki','7 Minutos',60,1,1,12),(291,'Cherry Cheese Maki','Cherry Cheese Maki','7 Minutos',60,1,1,12),(292,'Nutelia Maki','Nutelia Maki','7 Minutos',55,1,1,12),(293,'Frambuesa Cheese Maki','Frambuesa Cheese Maki','7 Minutos',60,1,1,12),(294,'Fresa Cheese Maki','Fresa Cheese Maki','7 Minutos',60,1,1,12),(295,'Frutal Durazno Maki','Frutal Durazno Maki','7 Minutos',60,1,1,12),(296,'Frutal Fresa Maki','Frutal Fresa Maki','7 Minutos',60,1,1,12),(297,'Frutal Kiwi Maki','Frutal Kiwi Maki','7 Minutos',60,1,1,12),(298,'Frutal Platano Maki','Frutal Platano Maki','7 Minutos',60,1,1,12),(299,'Lady Frambuesa Maki','Lady Frambuesa Maki','7 Minutos',50,1,1,12),(300,'Lady Fresa Maki','Lady Fresa Maki','7 Minutos',50,1,1,12),(301,'Lady Manzana Maki','Lady Manzana Maki','7 Minutos',50,1,1,12),(302,'Lady Zarzamora Maki','Lady Zarzamora Maki','7 Minutos',50,1,1,12),(303,'Lecherosa Durazno Maki','Lecherosa Durazno Maki','7 Minutos',60,1,1,12),(304,'Lecherosa Fresa Maki','Lecherosa Fresa Maki','7 Minutos',60,1,1,12),(305,'Lecherosa Kiwi Maki','Lecherosa Kiwi Maki','7 Minutos',60,1,1,12),(306,'Lecherosa Platano Maki','Lecherosa Platano Maki','7 Minutos',60,1,1,12),(307,'Lecherosa Maki','Lecherosa Maki','7 Minutos',50,1,1,12),(308,'Mora Cheese Maki','Mora Cheese Maki','7 Minutos',60,1,1,12),(309,'Nutelia Cookie Maki','Nutelia Cookie Maki','7 Minutos',65,1,1,12),(310,'Nutelia Durazno Maki','Nutelia Durazno Maki','7 Minutos',65,1,1,12),(311,'Nutelia Fresa Maki','Nutelia Fresa Maki','7 Minutos',65,1,1,12),(312,'Nutelia Kiwi Maki','Nutelia Kiwi Maki','7 Minutos',65,1,1,12),(313,'Nutelia Platano Maki','Nutelia Platano Maki','7 Minutos',65,1,1,12),(314,'Apple Cheese Francés','Apple Cheese Francés','7 Minutos',50,1,1,11),(315,'Cajetosa Francés','Cajetosa Francés','7 Minutos',40,1,1,11),(316,'Cajetosa Nuez Francés','Cajetosa Nuez Francés','7 Minutos',45,1,1,11),(317,'Cherry Cheese Francés','Cherry Cheese Francés','7 Minutos',50,1,1,11),(318,'Nutelia Francés','Nutelia Francés','7 Minutos',45,1,1,11),(319,'Frambuesa Cheese Francés','Frambuesa Cheese Francés','7 Minutos',50,1,1,11),(320,'Fresa Cheese Francés','Fresa Cheese Francés','7 Minutos',50,1,1,11),(321,'Frutal Durazno Francés','Frutal Durazno Francés','7 Minutos',45,1,1,11),(322,'Frutal Fresa Francés','Frutal Fresa Francés','7 Minutos',45,1,1,11),(323,'Frutal Kiwi Francés','Frutal Kiwi Francés','7 Minutos',45,1,1,11),(324,'Frutal Platano Francés','Frutal Platano Francés','7 Minutos',45,1,1,11),(325,'Lady Frambuesa Francés','Lady Frambuesa Francés','7 Minutos',40,1,1,11),(326,'Lady Fresa Francés','Lady Fresa Francés','7 Minutos',40,1,1,11),(327,'Lady Manzana Francés','Lady Manzana Francés','7 Minutos',40,1,1,11),(328,'Lady Zarzamora Francés','Lady Zarzamora Francés','7 Minutos',40,1,1,11),(329,'Lecherosa Durazno Francés','Lecherosa Durazno Francés','7 Minutos',50,1,1,11),(330,'Lecherosa Fresa Francés','Lecherosa Fresa Francés','7 Minutos',50,1,1,11),(331,'Lecherosa Kiwi Francés','Lecherosa Kiwi Francés','7 Minutos',50,1,1,11),(332,'Lecherosa Platano Francés','Lecherosa Platano Francés','7 Minutos',50,1,1,11),(333,'Lecherosa Francés','Lecherosa Francés','7 Minutos',40,1,1,11),(334,'Mora Cheese Francés','Mora Cheese Francés','7 Minutos',50,1,1,11),(335,'Nutelia Cookie Francés','Nutelia Cookie Francés','7 Minutos',55,1,1,11),(336,'Nutelia Durazno Francés','Nutelia Durazno Francés','7 Minutos',55,1,1,11),(337,'Nutelia Fresa Francés','Nutelia Fresa Francés','7 Minutos',55,1,1,11),(338,'Nutelia Kiwi Francés','Nutelia Kiwi Francés','7 Minutos',55,1,1,11),(339,'Nutelia Platano Francés','Nutelia Platano Francés','7 Minutos',55,1,1,11),(340,'Apple Cheese Temaki','Apple Cheese Temaki','7 Minutos',55,1,1,5),(341,'Cajetosa Temaki','Cajetosa Temaki','7 Minutos',45,1,1,5),(342,'Cajetosa Nuez Temaki','Cajetosa Nuez Temaki','7 Minutos',55,1,1,5),(343,'Cherry Cheese Temaki','Cherry Cheese Temaki','7 Minutos',55,1,1,5),(344,'Nutelia Temaki','Nutelia Temaki','7 Minutos',50,1,1,5),(345,'Frambuesa Cheese Temaki','Frambuesa Cheese Temaki','7 Minutos',55,1,1,5),(346,'Fresa Cheese Temaki','Fresa Cheese Temaki','7 Minutos',55,1,1,5),(347,'Frutal Durazno Temaki','Frutal Durazno Temaki','7 Minutos',55,1,1,5),(348,'Frutal Fresa Temaki','Frutal Fresa Temaki','7 Minutos',55,1,1,5),(349,'Frutal Kiwi Temaki','Frutal Kiwi Temaki','7 Minutos',55,1,1,5),(350,'Frutal Platano Temaki','Frutal Platano Temaki','7 Minutos',55,1,1,5),(351,'Lady Frambuesa Temaki','Lady Frambuesa Temaki','7 Minutos',45,1,1,5),(352,'Lady Fresa Temaki','Lady Fresa Temaki','7 Minutos',45,1,1,5),(353,'Lady Manzana Temaki','Lady Manzana Temaki','7 Minutos',45,1,1,5),(354,'Lady Zarzamora Temaki','Lady Zarzamora Temaki','7 Minutos',45,1,1,5),(355,'Lecherosa Durazno Temaki','Lecherosa Durazno Temaki','7 Minutos',55,1,1,5),(356,'Lecherosa Fresa Temaki','Lecherosa Fresa Temaki','7 Minutos',55,1,1,5),(357,'Lecherosa Kiwi Temaki','Lecherosa Kiwi Temaki','7 Minutos',55,1,1,5),(358,'Lecherosa Platano Temaki','Lecherosa Platano Temaki','7 Minutos',55,1,1,5),(359,'Lecherosa Temaki','Lecherosa Temaki','7 Minutos',45,1,1,5),(360,'Mora Cheese Temaki','Mora Cheese Temaki','7 Minutos',55,1,1,5),(361,'Nutelia Cookie Temaki','Nutelia Cookie Temaki','7 Minutos',60,1,1,5),(362,'Nutelia Durazno Temaki','Nutelia Durazno Temaki','7 Minutos',60,1,1,5),(363,'Nutelia Fresa Temaki','Nutelia Fresa Temaki','7 Minutos',60,1,1,5),(364,'Nutelia Kiwi Temaki','Nutelia Kiwi Temaki','7 Minutos',60,1,1,5),(365,'Nutelia Platano Temaki','Nutelia Platano Temaki','7 Minutos',60,1,1,5),(366,'Par de Quesos','Par de Quesos','7 Minutos',50,1,1,7),(367,'Jaque Mate','Jaque Mate','7 Minutos',50,1,1,7),(368,'Jaque Cheese','Jaque Cheese ','7 Minutos',55,1,1,7),(369,'Pollo BBQ','Pollo BBq','7 Minutos',60,1,1,7);
/*!40000 ALTER TABLE `productos` ENABLE KEYS */;
UNLOCK TABLES;

--
-- Table structure for table `productosinsumos`
--

DROP TABLE IF EXISTS `productosinsumos`;
/*!40101 SET @saved_cs_client     = @@character_set_client */;
/*!40101 SET character_set_client = utf8 */;
CREATE TABLE `productosinsumos` (
  `ProductoInsumoId` int(11) NOT NULL AUTO_INCREMENT,
  `ProductoId` int(11) NOT NULL,
  `InsumoId` int(11) NOT NULL,
  `Porcion` varchar(50) NOT NULL,
  `PrecioPorcion` float NOT NULL,
  PRIMARY KEY (`ProductoInsumoId`),
  KEY `ProInsumo` (`InsumoId`),
  KEY `ProProducto` (`ProductoId`),
  CONSTRAINT `ProInsumo` FOREIGN KEY (`InsumoId`) REFERENCES `insumos` (`InsumoId`) ON DELETE CASCADE ON UPDATE CASCADE,
  CONSTRAINT `ProProducto` FOREIGN KEY (`ProductoId`) REFERENCES `productos` (`ProductoId`) ON DELETE CASCADE ON UPDATE CASCADE
) ENGINE=InnoDB AUTO_INCREMENT=326 DEFAULT CHARSET=latin1;
/*!40101 SET character_set_client = @saved_cs_client */;

--
-- Dumping data for table `productosinsumos`
--

LOCK TABLES `productosinsumos` WRITE;
/*!40000 ALTER TABLE `productosinsumos` DISABLE KEYS */;
INSERT INTO `productosinsumos` VALUES (162,139,10,'1',0.02),(163,140,10,'1',0.02),(164,141,10,'1',0.02),(165,138,10,'1',0.02),(180,224,10,'',0),(181,227,10,'1',0.02),(182,226,10,'1',0.02),(183,228,10,'1',0.02),(184,230,10,'1',0.02),(185,229,10,'1',0.02),(186,251,10,'1',0.02),(187,250,10,'1',0.02),(189,247,10,'1',0.02),(190,246,10,'1',0.02),(191,232,10,'1',0.02),(192,231,10,'1',0.02),(193,234,10,'1',0.02),(194,233,10,'1',0.02),(195,242,10,'1',0.02),(196,241,10,'1',0.02),(197,236,10,'1',0.02),(198,235,10,'1',0.02),(199,240,10,'1',0.02),(200,239,10,'1',0.02),(201,238,10,'1',0.02),(202,237,10,'1',0.02),(203,249,10,'1',0.02),(204,248,10,'1',0.02),(205,245,10,'1',0.02),(206,244,10,'1',0.02),(207,243,10,'1',0.02),(208,261,10,'1',0.02),(209,260,10,'1',0.02),(210,257,10,'1',0.02),(211,256,10,'1',0.02),(212,253,10,'1',0.02),(213,252,10,'1',0.02),(214,259,10,'1',0.02),(215,258,10,'1',0.02),(216,255,10,'1',0.02),(217,254,10,'1',0.02),(218,283,10,'1',0.02),(219,286,10,'1',0.02),(220,284,10,'1',0.02),(221,287,10,'1',0.02),(222,285,10,'1',0.02),(223,314,10,'1',0.02),(224,315,10,'1',0.02),(225,316,10,'1',0.02),(226,317,10,'1',0.02),(227,319,10,'1',0.02),(228,320,10,'1',0.02),(229,321,10,'1',0.02),(230,322,10,'1',0.02),(231,323,10,'1',0.02),(232,324,10,'1',0.02),(233,325,10,'1',0.02),(234,326,10,'1',0.02),(235,327,10,'1',0.02),(236,328,10,'1',0.02),(237,329,10,'1',0.02),(238,333,10,'1',0.02),(239,330,10,'1',0.02),(240,331,10,'1',0.02),(241,332,10,'1',0.02),(242,334,10,'1',0.02),(243,335,10,'1',0.02),(244,362,10,'1',0.02),(245,318,10,'1',0.02),(246,337,10,'1',0.02),(247,338,10,'1',0.02),(248,339,10,'1',0.02),(249,340,10,'1',0.02),(250,342,10,'1',0.02),(251,341,10,'1',0.02),(252,343,10,'1',0.02),(253,345,10,'1',0.02),(254,346,10,'1',0.02),(255,347,10,'1',0.02),(256,348,10,'1',0.02),(257,349,10,'1',0.02),(258,350,10,'1',0.02),(259,351,10,'1',0.02),(260,352,10,'1',0.02),(261,353,10,'1',0.02),(262,354,10,'1',0.02),(263,355,10,'1',0.02),(264,356,10,'1',0.02),(265,357,10,'1',0.02),(266,358,10,'1',0.02),(267,359,10,'1',0.02),(268,360,10,'1',0.02),(269,361,10,'1',0.02),(270,363,10,'1',0.02),(271,364,10,'1',0.02),(272,365,10,'1',0.02),(273,344,10,'1',0.02),(274,288,10,'1',0.02),(275,289,10,'1',0.02),(276,290,10,'1',0.02),(277,291,10,'1',0.02),(278,293,10,'1',0.02),(279,294,10,'1',0.02),(280,295,10,'1',0.02),(281,296,10,'1',0.02),(282,297,10,'1',0.02),(283,298,10,'1',0.02),(284,299,10,'1',0.02),(285,300,10,'1',0.02),(286,301,10,'1',0.02),(287,302,10,'1',0.02),(288,303,10,'1',0.02),(289,304,10,'1',0.02),(290,305,10,'1',0.02),(291,307,10,'1',0.02),(292,306,10,'1',0.02),(293,308,10,'1',0.02),(294,309,10,'1',0.02),(295,310,10,'1',0.02),(296,311,10,'1',0.02),(297,312,10,'1',0.02),(298,292,10,'1',0.02),(299,313,10,'1',0.02),(300,368,10,'1',0.02),(301,367,10,'1',0.02),(302,366,10,'1',0.02),(303,369,10,'1',0.02),(304,267,10,'1',0.02),(305,270,10,'1',0.02),(306,262,10,'1',0.02),(307,263,10,'1',0.02),(308,264,10,'1',0.02),(309,268,10,'1',0.02),(310,265,10,'1',0.02),(311,269,10,'1',0.02),(312,266,10,'1',0.02),(313,271,10,'1',0.02),(314,272,10,'1',0.02),(315,274,10,'1',0.02),(316,273,10,'1',0.02),(317,276,10,'1',0.02),(318,275,10,'1',0.02),(319,281,10,'1',0.02),(320,278,10,'1',0.02),(321,279,10,'1',0.02),(322,282,10,'1',0.02),(323,280,10,'1',0.02),(324,277,10,'1',0.02),(325,336,10,'1',0.02);
/*!40000 ALTER TABLE `productosinsumos` ENABLE KEYS */;
UNLOCK TABLES;

--
-- Table structure for table `promocion_categoria`
--

DROP TABLE IF EXISTS `promocion_categoria`;
/*!40101 SET @saved_cs_client     = @@character_set_client */;
/*!40101 SET character_set_client = utf8 */;
CREATE TABLE `promocion_categoria` (
  `PromocionCategoriaId` varchar(100) NOT NULL,
  `Dia` int(10) NOT NULL,
  `DescripcionDia` varchar(100) NOT NULL,
  `CategoriaId` varchar(50) NOT NULL,
  `Cuando` int(10) NOT NULL,
  `Porcentaje` int(10) NOT NULL,
  `Afecta` int(10) NOT NULL,
  `Estatus` varchar(10) NOT NULL,
  `Id_Local` int(11) NOT NULL AUTO_INCREMENT,
  PRIMARY KEY (`Id_Local`)
) ENGINE=MyISAM AUTO_INCREMENT=10 DEFAULT CHARSET=latin1;
/*!40101 SET character_set_client = @saved_cs_client */;

--
-- Dumping data for table `promocion_categoria`
--

LOCK TABLES `promocion_categoria` WRITE;
/*!40000 ALTER TABLE `promocion_categoria` DISABLE KEYS */;
INSERT INTO `promocion_categoria` VALUES ('4f383fa3524248fb861f8be15e50c875 ',4,'Jueves','4',2,50,1,'Activo',8),('fdf674235a0048e7bc561132bf7110f0 ',2,'Martes','11',2,50,1,'Activo',7),('ef4c8593ab1040a1846502fee7a9bbe0 ',5,'Viernes','9',2,50,1,'Activo',9);
/*!40000 ALTER TABLE `promocion_categoria` ENABLE KEYS */;
UNLOCK TABLES;

--
-- Table structure for table `promocion_cuenta`
--

DROP TABLE IF EXISTS `promocion_cuenta`;
/*!40101 SET @saved_cs_client     = @@character_set_client */;
/*!40101 SET character_set_client = utf8 */;
CREATE TABLE `promocion_cuenta` (
  `Promocion_CuentaId` varchar(50) NOT NULL,
  `Dia` int(11) NOT NULL,
  `DescripcionDia` varchar(100) NOT NULL,
  `Porcentaje` int(11) NOT NULL,
  `Estatus` varchar(100) NOT NULL,
  `Id_Local` int(11) NOT NULL AUTO_INCREMENT,
  PRIMARY KEY (`Id_Local`)
) ENGINE=MyISAM AUTO_INCREMENT=15 DEFAULT CHARSET=latin1;
/*!40101 SET character_set_client = @saved_cs_client */;

--
-- Dumping data for table `promocion_cuenta`
--

LOCK TABLES `promocion_cuenta` WRITE;
/*!40000 ALTER TABLE `promocion_cuenta` DISABLE KEYS */;
INSERT INTO `promocion_cuenta` VALUES ('1ce1319c53804081aaea1eeb73c02f9c ',1,'Lunes',15,'Activo',8),('1ce1319c53804081aaea1eeb73c02f9c ',2,'Martes',15,'Activo',9),('1ce1319c53804081aaea1eeb73c02f9c ',3,'Miercoles',15,'Activo',10),('1ce1319c53804081aaea1eeb73c02f9c ',4,'Jueves',15,'Activo',11),('1ce1319c53804081aaea1eeb73c02f9c ',5,'Viernes',15,'Activo',12),('1ce1319c53804081aaea1eeb73c02f9c ',7,'Domingo',15,'Activo',13),('70d2e51ca5aa460fadf7d8c80fdd2fee ',3,'Miercoles',25,'Activo',14);
/*!40000 ALTER TABLE `promocion_cuenta` ENABLE KEYS */;
UNLOCK TABLES;

--
-- Table structure for table `promocion_destino`
--

DROP TABLE IF EXISTS `promocion_destino`;
/*!40101 SET @saved_cs_client     = @@character_set_client */;
/*!40101 SET character_set_client = utf8 */;
CREATE TABLE `promocion_destino` (
  `Promocion_destinoId` int(11) NOT NULL AUTO_INCREMENT,
  `PromocionId` varchar(100) NOT NULL,
  `Descripcion` varchar(100) NOT NULL,
  `Origen` varchar(50) NOT NULL,
  `Funcion_destino` varchar(100) NOT NULL,
  `Estatus` varchar(11) NOT NULL,
  `SucursalId` int(10) NOT NULL,
  PRIMARY KEY (`Promocion_destinoId`)
) ENGINE=MyISAM AUTO_INCREMENT=17 DEFAULT CHARSET=latin1;
/*!40101 SET character_set_client = @saved_cs_client */;

--
-- Dumping data for table `promocion_destino`
--

LOCK TABLES `promocion_destino` WRITE;
/*!40000 ALTER TABLE `promocion_destino` DISABLE KEYS */;
INSERT INTO `promocion_destino` VALUES (11,'fdf674235a0048e7bc561132bf7110f0','2da Crepa a mitad de precio','Descuento Por Categoria','Promocion_Categoria','Activo',1),(12,'70d2e51ca5aa460fadf7d8c80fdd2fee','Día de la Selfie','Descuento por Cuenta','Promocion_Cuenta','Activo',1),(13,'e9b2bf77328c4cee9568e7ff93bcc277','Descuento a estudiantes','Descuento Por Persona','Promocion_Persona','Activo',1),(14,'4f383fa3524248fb861f8be15e50c875','2do frappé a mitad de precio','Descuento Por Categoria','Promocion_Categoria','Activo',1),(15,'ef4c8593ab1040a1846502fee7a9bbe0','2da Malteada a mitad de precio','Descuento Por Categoria','Promocion_Categoria','Activo',1),(16,'1ce1319c53804081aaea1eeb73c02f9c','Descuento Selfie','Descuento por Cuenta','Promocion_Cuenta','Activo',1);
/*!40000 ALTER TABLE `promocion_destino` ENABLE KEYS */;
UNLOCK TABLES;

--
-- Table structure for table `promocion_persona`
--

DROP TABLE IF EXISTS `promocion_persona`;
/*!40101 SET @saved_cs_client     = @@character_set_client */;
/*!40101 SET character_set_client = utf8 */;
CREATE TABLE `promocion_persona` (
  `Promocion_PersonaId` varchar(50) NOT NULL,
  `Dia` int(11) NOT NULL,
  `DescripcionDia` varchar(100) NOT NULL,
  `Porcentaje` int(11) NOT NULL,
  `Afecta` int(11) NOT NULL,
  `Estatus` varchar(50) NOT NULL,
  `Id_Local` int(11) NOT NULL AUTO_INCREMENT,
  PRIMARY KEY (`Id_Local`)
) ENGINE=MyISAM AUTO_INCREMENT=13 DEFAULT CHARSET=latin1;
/*!40101 SET character_set_client = @saved_cs_client */;

--
-- Dumping data for table `promocion_persona`
--

LOCK TABLES `promocion_persona` WRITE;
/*!40000 ALTER TABLE `promocion_persona` DISABLE KEYS */;
INSERT INTO `promocion_persona` VALUES ('e9b2bf77328c4cee9568e7ff93bcc277 ',1,'Lunes',30,2,'Activo',7),('e9b2bf77328c4cee9568e7ff93bcc277 ',2,'Martes',20,2,'Activo',8),('e9b2bf77328c4cee9568e7ff93bcc277 ',3,'Miercoles',20,2,'Activo',9),('e9b2bf77328c4cee9568e7ff93bcc277 ',4,'Jueves',20,2,'Activo',10),('e9b2bf77328c4cee9568e7ff93bcc277 ',5,'Viernes',20,2,'Activo',11),('e9b2bf77328c4cee9568e7ff93bcc277 ',7,'Domingo',20,2,'Activo',12);
/*!40000 ALTER TABLE `promocion_persona` ENABLE KEYS */;
UNLOCK TABLES;

--
-- Table structure for table `promocioncombinacategoria`
--

DROP TABLE IF EXISTS `promocioncombinacategoria`;
/*!40101 SET @saved_cs_client     = @@character_set_client */;
/*!40101 SET character_set_client = utf8 */;
CREATE TABLE `promocioncombinacategoria` (
  `PromocionCombinaId` varchar(100) NOT NULL,
  `Dia` int(11) NOT NULL,
  `DescripcionDia` varchar(100) NOT NULL,
  `CategoriaId1` varchar(50) NOT NULL,
  `CategoriaId2` varchar(50) NOT NULL,
  `Cuando` int(11) NOT NULL,
  `Porcentaje` int(11) NOT NULL,
  `Afecta` int(11) NOT NULL,
  `Estatus` varchar(20) NOT NULL,
  `Id_Local` int(11) NOT NULL AUTO_INCREMENT,
  PRIMARY KEY (`Id_Local`)
) ENGINE=MyISAM AUTO_INCREMENT=8 DEFAULT CHARSET=latin1;
/*!40101 SET character_set_client = @saved_cs_client */;

--
-- Dumping data for table `promocioncombinacategoria`
--

LOCK TABLES `promocioncombinacategoria` WRITE;
/*!40000 ALTER TABLE `promocioncombinacategoria` DISABLE KEYS */;
INSERT INTO `promocioncombinacategoria` VALUES ('70d2e51ca5aa460fadf7d8c80fdd2fee ',3,'Miercoles','5,7,11,12','4',2,100,1,'Activo',7);
/*!40000 ALTER TABLE `promocioncombinacategoria` ENABLE KEYS */;
UNLOCK TABLES;

--
-- Table structure for table `proveedores`
--

DROP TABLE IF EXISTS `proveedores`;
/*!40101 SET @saved_cs_client     = @@character_set_client */;
/*!40101 SET character_set_client = utf8 */;
CREATE TABLE `proveedores` (
  `ProveedorId` int(11) NOT NULL AUTO_INCREMENT,
  `Nombre` varchar(250) NOT NULL,
  `Direccion` varchar(250) NOT NULL,
  `Poblacion` varchar(250) NOT NULL,
  `RFC` varchar(20) NOT NULL,
  `Telefono` varchar(14) NOT NULL,
  `Email` varchar(50) NOT NULL,
  `Web` varchar(50) NOT NULL,
  `EstatusId` int(11) NOT NULL,
  `SucursalId` int(11) NOT NULL,
  PRIMARY KEY (`ProveedorId`),
  KEY `estatusProveedores` (`EstatusId`),
  KEY `Proveedores_SucursalId` (`SucursalId`),
  CONSTRAINT `Proveedores_SucursalId` FOREIGN KEY (`SucursalId`) REFERENCES `sucursal` (`SucursalId`) ON DELETE CASCADE ON UPDATE CASCADE,
  CONSTRAINT `estatusProveedores` FOREIGN KEY (`EstatusId`) REFERENCES `estatus` (`EstatusId`) ON DELETE CASCADE ON UPDATE CASCADE
) ENGINE=InnoDB AUTO_INCREMENT=4 DEFAULT CHARSET=latin1;
/*!40101 SET character_set_client = @saved_cs_client */;

--
-- Dumping data for table `proveedores`
--

LOCK TABLES `proveedores` WRITE;
/*!40000 ALTER TABLE `proveedores` DISABLE KEYS */;
INSERT INTO `proveedores` VALUES (1,'Sams','Fernando Rios Neri 2, Zona Sin Asignación de Nombre de Col 47, 39075','Chilpancingo de los Bravo, Gro.','NWM-970924-4W4','01 747 116 000','No ','www.sams.com.mx',2,1),(2,'Wal-Mart','Fernando Rios Neri 3 Ciudad de los Servicios, 39075',' Chilpancingo de los Bravo, Gro.','NWM-970924-4W4','01 747 494 922','no','www.walmart.com.mx',1,1),(3,'La Colmena','José Ma. Morelos y Pavón 7, Centro, 39030','Chilpancingo de los Bravo, Gro.','no','01 747 472 828','no','no',1,1);
/*!40000 ALTER TABLE `proveedores` ENABLE KEYS */;
UNLOCK TABLES;

--
-- Table structure for table `reservaciones`
--

DROP TABLE IF EXISTS `reservaciones`;
/*!40101 SET @saved_cs_client     = @@character_set_client */;
/*!40101 SET character_set_client = utf8 */;
CREATE TABLE `reservaciones` (
  `ReservacionId` int(11) NOT NULL AUTO_INCREMENT,
  `MesaId` int(11) NOT NULL,
  `Persona` varchar(250) NOT NULL,
  `Fecha` date NOT NULL,
  `HoraIni` varchar(50) NOT NULL,
  `HoraFin` varchar(50) NOT NULL,
  `Telefono` varchar(15) NOT NULL,
  `SucursalId` int(11) NOT NULL,
  `EstatusId` int(11) NOT NULL,
  PRIMARY KEY (`ReservacionId`),
  KEY `reservaciones_estatusId` (`EstatusId`),
  KEY `reservaciones_mesaId` (`MesaId`),
  KEY `reservaciones_sucursalId` (`SucursalId`),
  CONSTRAINT `reservaciones_estatusId` FOREIGN KEY (`EstatusId`) REFERENCES `estatus` (`EstatusId`) ON DELETE CASCADE ON UPDATE CASCADE,
  CONSTRAINT `reservaciones_mesaId` FOREIGN KEY (`MesaId`) REFERENCES `mesas` (`MesaId`) ON DELETE CASCADE ON UPDATE CASCADE,
  CONSTRAINT `reservaciones_sucursalId` FOREIGN KEY (`SucursalId`) REFERENCES `sucursal` (`SucursalId`) ON DELETE CASCADE ON UPDATE CASCADE
) ENGINE=InnoDB DEFAULT CHARSET=latin1;
/*!40101 SET character_set_client = @saved_cs_client */;

--
-- Dumping data for table `reservaciones`
--

LOCK TABLES `reservaciones` WRITE;
/*!40000 ALTER TABLE `reservaciones` DISABLE KEYS */;
/*!40000 ALTER TABLE `reservaciones` ENABLE KEYS */;
UNLOCK TABLES;

--
-- Table structure for table `submodulo`
--

DROP TABLE IF EXISTS `submodulo`;
/*!40101 SET @saved_cs_client     = @@character_set_client */;
/*!40101 SET character_set_client = utf8 */;
CREATE TABLE `submodulo` (
  `SubModuloId` int(11) NOT NULL AUTO_INCREMENT,
  `Descripcion` varchar(250) NOT NULL,
  `Linck` varchar(250) NOT NULL,
  `Icon` varchar(30) NOT NULL,
  PRIMARY KEY (`SubModuloId`)
) ENGINE=InnoDB AUTO_INCREMENT=33 DEFAULT CHARSET=latin1;
/*!40101 SET character_set_client = @saved_cs_client */;

--
-- Dumping data for table `submodulo`
--

LOCK TABLES `submodulo` WRITE;
/*!40000 ALTER TABLE `submodulo` DISABLE KEYS */;
INSERT INTO `submodulo` VALUES (1,'Empleados','cEmpleado','fa fa-fw fa-users'),(2,'Usuarios','cUsuarios','fa fa-fw fa-user-plus'),(3,'Insumos','cInsumos','glyphicon glyphicon-apple'),(4,'Productos','cProductos','glyphicon glyphicon-ok-sign '),(5,'Caja','cCaja','glyphicon glyphicon-inbox'),(6,'Pedido de Mesa','cVenta','fa fa-fw fa-cutlery'),(8,'Flujo de efectivo','cGastos','fa fa-fw fa-money'),(10,'Ventas','cVentasPendientes','fa fa-fw fa-dollar'),(11,'Nomina','cNomina','fa fa-check-square-o'),(13,'Alimentos','cOrdenes','fa  fa-apple'),(14,'Categorias','cCategorias','fa fa-file-text-o'),(15,'Mesas','cMesas','glyphicon glyphicon-glass'),(16,'Sucursales','cSucursales','fa fa-fw fa-bank '),(17,'Indicadores Internos','cPrincipal','fa fa-fw fa-info-circle '),(21,'Cuenta','cCuenta','fa fa-fw fa-dollar'),(22,'Extras','cExtras','fa fa-sign-in'),(23,'Catálogo de Notas','cNotas','glyphicon glyphicon-duplicate'),(24,'Baja insumos','cBajaInsumos','fa fa-trash-o'),(26,'Bebidas','cOrdenes/Bebidas',' fa fa-coffee'),(27,'Pedido de Barra','cPedido','fa fa-get-pocket'),(28,'Frases','cFrases','fa fa-clipboard'),(29,'Proveedores','cProveedores','fa fa-plus'),(30,'Ventas Realizadas','cControlVentas','glyphicon glyphicon-barcode'),(31,'','',''),(32,'Productos en Mostrador','cProductosBarra','fa fa-beer');
/*!40000 ALTER TABLE `submodulo` ENABLE KEYS */;
UNLOCK TABLES;

--
-- Table structure for table `sucursal`
--

DROP TABLE IF EXISTS `sucursal`;
/*!40101 SET @saved_cs_client     = @@character_set_client */;
/*!40101 SET character_set_client = utf8 */;
CREATE TABLE `sucursal` (
  `SucursalId` int(11) NOT NULL AUTO_INCREMENT,
  `NombreSucursal` varchar(250) NOT NULL,
  `SucursalPadre` varchar(150) NOT NULL,
  `RFC` varchar(20) NOT NULL,
  `Calle` varchar(100) NOT NULL,
  `Colonia` varchar(150) NOT NULL,
  `Cp` int(11) NOT NULL,
  `Ciudad` varchar(250) NOT NULL,
  `Telefono` varchar(20) NOT NULL,
  `PaginaWeb` varchar(250) NOT NULL,
  `EstatusId` int(11) NOT NULL,
  PRIMARY KEY (`SucursalId`),
  KEY `SucursalEstatus` (`EstatusId`),
  CONSTRAINT `SucursalEstatus` FOREIGN KEY (`EstatusId`) REFERENCES `estatus` (`EstatusId`) ON DELETE CASCADE ON UPDATE CASCADE
) ENGINE=InnoDB AUTO_INCREMENT=2 DEFAULT CHARSET=latin1;
/*!40101 SET character_set_client = @saved_cs_client */;

--
-- Dumping data for table `sucursal`
--

LOCK TABLES `sucursal` WRITE;
/*!40000 ALTER TABLE `sucursal` DISABLE KEYS */;
INSERT INTO `sucursal` VALUES (1,'CAFETERÍA LEMURIA','CAFETERÍA LEMURIA','Dom-Vie 1:30PM-9:50P','Revolución del Sur','Morelos',39030,'Chilpancingo de los Bravo, Gro.','7471383558','facebook.com/cafelemuria',1);
/*!40000 ALTER TABLE `sucursal` ENABLE KEYS */;
UNLOCK TABLES;

--
-- Table structure for table `tipo_pago`
--

DROP TABLE IF EXISTS `tipo_pago`;
/*!40101 SET @saved_cs_client     = @@character_set_client */;
/*!40101 SET character_set_client = utf8 */;
CREATE TABLE `tipo_pago` (
  `TipoPagoId` int(11) NOT NULL AUTO_INCREMENT,
  `Descripcion` varchar(50) NOT NULL,
  PRIMARY KEY (`TipoPagoId`)
) ENGINE=InnoDB AUTO_INCREMENT=3 DEFAULT CHARSET=latin1;
/*!40101 SET character_set_client = @saved_cs_client */;

--
-- Dumping data for table `tipo_pago`
--

LOCK TABLES `tipo_pago` WRITE;
/*!40000 ALTER TABLE `tipo_pago` DISABLE KEYS */;
INSERT INTO `tipo_pago` VALUES (1,'Efectivo'),(2,'Tarjeta');
/*!40000 ALTER TABLE `tipo_pago` ENABLE KEYS */;
UNLOCK TABLES;

--
-- Table structure for table `tipousuario`
--

DROP TABLE IF EXISTS `tipousuario`;
/*!40101 SET @saved_cs_client     = @@character_set_client */;
/*!40101 SET character_set_client = utf8 */;
CREATE TABLE `tipousuario` (
  `TipoUsuarioId` int(11) NOT NULL AUTO_INCREMENT,
  `Descripcion` varchar(50) NOT NULL,
  `Clase` varchar(500) NOT NULL,
  PRIMARY KEY (`TipoUsuarioId`)
) ENGINE=InnoDB AUTO_INCREMENT=6 DEFAULT CHARSET=latin1;
/*!40101 SET character_set_client = @saved_cs_client */;

--
-- Dumping data for table `tipousuario`
--

LOCK TABLES `tipousuario` WRITE;
/*!40000 ALTER TABLE `tipousuario` DISABLE KEYS */;
INSERT INTO `tipousuario` VALUES (1,'SuperAdministrador','hold-transition skin-black sidebar-mini'),(2,'Administrador','hold-transition skin-black sidebar-mini'),(3,'Cajero','hold-transition skin-black sidebar-mini'),(4,'Mesero','hold-transition skin-black sidebar-mini sidebar-collapse'),(5,'Cocinero','hold-transition skin-black sidebar-mini sidebar-collapse');
/*!40000 ALTER TABLE `tipousuario` ENABLE KEYS */;
UNLOCK TABLES;

--
-- Table structure for table `usuario`
--

DROP TABLE IF EXISTS `usuario`;
/*!40101 SET @saved_cs_client     = @@character_set_client */;
/*!40101 SET character_set_client = utf8 */;
CREATE TABLE `usuario` (
  `UsuarioId` int(11) NOT NULL AUTO_INCREMENT,
  `TipoUsuarioId` int(11) NOT NULL,
  `Usuario` varchar(50) NOT NULL,
  `Password` varchar(50) NOT NULL,
  `EmpleadoId` int(11) NOT NULL,
  PRIMARY KEY (`UsuarioId`),
  KEY `UserEmpleado` (`EmpleadoId`),
  KEY `UserTipo` (`TipoUsuarioId`),
  CONSTRAINT `UserEmpleado` FOREIGN KEY (`EmpleadoId`) REFERENCES `empleado` (`EmpleadoId`) ON DELETE CASCADE ON UPDATE CASCADE,
  CONSTRAINT `UserTipo` FOREIGN KEY (`TipoUsuarioId`) REFERENCES `tipousuario` (`TipoUsuarioId`) ON DELETE CASCADE ON UPDATE CASCADE
) ENGINE=InnoDB AUTO_INCREMENT=8 DEFAULT CHARSET=latin1;
/*!40101 SET character_set_client = @saved_cs_client */;

--
-- Dumping data for table `usuario`
--

LOCK TABLES `usuario` WRITE;
/*!40000 ALTER TABLE `usuario` DISABLE KEYS */;
INSERT INTO `usuario` VALUES (2,1,'root','098765Xz@**',1),(3,5,'Cocinera','123',2),(4,3,'Cajero','098765@*',3),(5,5,'Barista','123',5),(6,2,'admin','L3mur2704',1),(7,4,'Mesero','123',4);
/*!40000 ALTER TABLE `usuario` ENABLE KEYS */;
UNLOCK TABLES;

--
-- Table structure for table `usuariomodulos`
--

DROP TABLE IF EXISTS `usuariomodulos`;
/*!40101 SET @saved_cs_client     = @@character_set_client */;
/*!40101 SET character_set_client = utf8 */;
CREATE TABLE `usuariomodulos` (
  `UsuarioModuloId` int(11) NOT NULL AUTO_INCREMENT,
  `ModuloId` int(11) NOT NULL,
  `SubModuloId` int(11) NOT NULL,
  `TipoUsuarioId` int(11) NOT NULL,
  PRIMARY KEY (`UsuarioModuloId`),
  KEY `UserModulo` (`ModuloId`),
  KEY `UserSubModulo` (`SubModuloId`),
  KEY `UserTipoUser` (`TipoUsuarioId`),
  CONSTRAINT `UserModulo` FOREIGN KEY (`ModuloId`) REFERENCES `modulo` (`ModuloId`) ON DELETE CASCADE ON UPDATE CASCADE,
  CONSTRAINT `UserTipoUser` FOREIGN KEY (`TipoUsuarioId`) REFERENCES `tipousuario` (`TipoUsuarioId`) ON DELETE CASCADE ON UPDATE CASCADE,
  CONSTRAINT `user_submoduloId` FOREIGN KEY (`SubModuloId`) REFERENCES `submodulo` (`SubModuloId`) ON DELETE CASCADE ON UPDATE CASCADE
) ENGINE=InnoDB AUTO_INCREMENT=116 DEFAULT CHARSET=latin1;
/*!40101 SET character_set_client = @saved_cs_client */;

--
-- Dumping data for table `usuariomodulos`
--

LOCK TABLES `usuariomodulos` WRITE;
/*!40000 ALTER TABLE `usuariomodulos` DISABLE KEYS */;
INSERT INTO `usuariomodulos` VALUES (5,2,3,1),(6,2,4,1),(7,2,3,2),(8,2,4,2),(12,5,31,1),(13,5,31,2),(20,4,6,1),(21,4,6,2),(26,8,11,1),(27,8,11,2),(30,11,14,2),(31,11,14,1),(35,11,2,1),(36,11,16,1),(37,11,15,1),(38,8,1,1),(39,2,17,1),(40,7,31,1),(42,2,22,1),(43,2,22,2),(44,11,23,1),(45,11,23,2),(47,2,24,1),(48,2,24,2),(49,13,31,1),(50,13,31,2),(52,10,13,1),(53,10,13,2),(60,11,15,2),(61,11,2,2),(63,10,26,2),(64,10,26,1),(66,4,27,1),(67,4,27,2),(68,11,28,1),(69,11,28,2),(70,2,29,1),(71,2,29,2),(76,15,31,3),(77,16,31,3),(79,17,31,3),(80,18,31,3),(81,19,31,3),(82,18,31,4),(83,20,31,4),(84,21,31,5),(85,22,31,5),(86,2,17,2),(87,23,31,4),(88,23,31,1),(89,23,31,2),(90,7,31,2),(91,24,31,3),(92,19,31,4),(97,24,31,1),(98,24,31,2),(99,15,31,1),(100,15,31,2),(101,16,31,1),(102,16,31,2),(103,26,31,1),(104,26,31,2),(105,23,31,3),(106,27,31,1),(107,27,31,2),(108,27,31,3),(109,8,1,2),(111,2,32,1),(112,26,31,3),(113,2,32,2),(114,28,31,3),(115,20,31,3);
/*!40000 ALTER TABLE `usuariomodulos` ENABLE KEYS */;
UNLOCK TABLES;

--
-- Table structure for table `ventas`
--

DROP TABLE IF EXISTS `ventas`;
/*!40101 SET @saved_cs_client     = @@character_set_client */;
/*!40101 SET character_set_client = utf8 */;
CREATE TABLE `ventas` (
  `VentaId` int(11) NOT NULL AUTO_INCREMENT,
  `UsuarioId` int(11) NOT NULL,
  `Fecha` date NOT NULL,
  `DescuentoId` varchar(64) NOT NULL,
  `Importe` int(11) NOT NULL,
  `DetalleId` varchar(32) NOT NULL,
  `TipoPagoId` int(11) NOT NULL,
  `SucursalId` int(11) NOT NULL,
  `Calculo` int(11) NOT NULL,
  `Total_descuento` int(11) NOT NULL,
  `Desc_especial` int(11) NOT NULL,
  `ban_cancelado` tinyint(1) NOT NULL,
  `Cambio` float NOT NULL,
  `Pago` float NOT NULL,
  PRIMARY KEY (`VentaId`),
  KEY `VentasUser` (`UsuarioId`),
  KEY `sucursal_ventas` (`SucursalId`),
  KEY `tipo_pago_ventas` (`TipoPagoId`),
  CONSTRAINT `VentasUser` FOREIGN KEY (`UsuarioId`) REFERENCES `usuario` (`UsuarioId`) ON DELETE CASCADE ON UPDATE CASCADE,
  CONSTRAINT `sucursal_ventas` FOREIGN KEY (`SucursalId`) REFERENCES `sucursal` (`SucursalId`) ON DELETE CASCADE ON UPDATE CASCADE,
  CONSTRAINT `tipo_pago_ventas` FOREIGN KEY (`TipoPagoId`) REFERENCES `tipo_pago` (`TipoPagoId`) ON DELETE CASCADE ON UPDATE CASCADE
) ENGINE=InnoDB AUTO_INCREMENT=731 DEFAULT CHARSET=latin1;
/*!40101 SET character_set_client = @saved_cs_client */;

--
-- Dumping data for table `ventas`
--

LOCK TABLES `ventas` WRITE;
/*!40000 ALTER TABLE `ventas` DISABLE KEYS */;
INSERT INTO `ventas` VALUES (1,2,'2018-06-27','70d2e51ca5aa460fadf7d8c80fdd2fee',103,'63deaeb30f884befb9848f2fa341656d',1,1,0,38,12,0,0,103),(2,2,'2018-06-27','fdf674235a0048e7bc561132bf7110f0',66,'0fd2ab4f45da415fa810b37714689513',1,1,0,22,12,0,0,66),(3,2,'2018-06-27','0',126,'9a633159336a4f9a94216a0be8b2dae6',1,1,0,0,0,0,0,126),(4,2,'2018-06-27','0',80,'42a22a3f9b5d44a3a00a0828e7e90033',1,1,0,0,0,0,0,80),(5,2,'2018-06-27','0',90,'58f3b3b679034b9599d811cefa605efa',1,1,0,0,0,0,0,90),(6,2,'2018-06-27','0',81,'666da7671b5d4b59813e12e9cd23be64',1,1,0,0,0,0,1,82),(7,2,'2018-06-27','0',200,'3ccb21a4dd2140dd8b7a08f52250e09c',1,1,0,0,0,0,0,200),(8,2,'2018-06-27','0',80,'8070e5853dcc4e298675e8e9db94e1c1',1,1,0,0,0,0,1,81),(9,4,'2018-06-28','0',63,'eee952d508644d17856684cacda55dbc',1,1,1,0,0,0,0,63),(10,4,'2018-06-28','0',30,'6ed72f24403c4dc5a2708d0cecaaf165',1,1,1,0,0,0,0,30),(11,4,'2018-06-28','0',147,'adba2d07f80a43d7b5c636ab74ad7415',1,1,1,0,0,0,53,200),(12,4,'2018-06-28','0',50,'7c19fac032e641aaa12b3c1220cf33eb',1,1,1,0,0,0,0,50),(13,4,'2018-06-28','0',125,'a81b7281de5f40378beaf006cca520a8',1,1,1,0,0,0,75,200),(14,4,'2018-06-28','0',217,'218d206b676c4457b1ff00d763fab67f',1,1,1,0,0,0,0,217),(15,4,'2018-06-28','0',149,'ca1e64500b074882a656e38e2c6694a0',1,1,1,0,0,0,1,150),(16,4,'2018-06-28','0',270,'d3bcc811369a4d54b57bbc64e9fda555',1,1,1,0,0,0,10,280),(17,4,'2018-06-28','0',227,'b2538d3161174f32804eab825ea105ba',1,1,1,0,0,0,73,300),(18,4,'2018-06-28','0',104,'b406d2e66d7d40f4894d12e11a7b365c',1,1,1,0,0,0,401,505),(19,4,'2018-06-28','0',114,'a6195a8321cd4825aeb41b2ad1002126',1,1,1,0,0,0,6,120),(20,4,'2018-06-28','0',253,'fed3fc042692446cb9bd61a15912b7c8',1,1,1,0,0,0,147,400),(21,4,'2018-06-29','0',85,'b500f014ef2746ff95281affaf16ddaf',1,1,1,0,0,0,415,500),(22,4,'2018-06-29','0',170,'12f22925d71841aeb6eca94b94198d68',1,1,1,0,0,0,30,200),(23,4,'2018-06-29','0',92,'df2096cfd0cf499fb2abcb8d3d5ca2af',1,1,1,0,0,0,108,200),(24,4,'2018-06-29','0',35,'3ac9ae66a67046cc873ccc82a65d6a83',1,1,1,0,0,0,0,35),(25,4,'2018-06-29','0',297,'6c146acfaa9345a8879a5b21249553d4',1,1,1,0,0,0,103,400),(26,4,'2018-06-29','e9b2bf77328c4cee9568e7ff93bcc277',40,'56ccfa1d92bf4184b0d6ee95eb104736',1,1,1,10,0,0,60,100),(27,4,'2018-06-29','0',450,'bf0ab41808114e63a9f850919d621a69',1,1,1,0,0,0,50,500),(28,4,'2018-06-29','0',35,'7e84a8d1c15447fa9149aef7da09b1ef',1,1,1,0,0,0,165,200),(29,4,'2018-06-29','0',25,'e138bd5e4b74436d85adac1f421d0c24',1,1,1,0,15,0,0,25),(30,4,'2018-06-29','0',125,'26455d07c4cf4da8a745552a45bf06c4',1,1,1,0,0,0,75,200),(31,4,'2018-06-29','0',160,'042cfd6c64694c74921d651b39ab5087',1,1,1,0,0,0,40,200),(32,4,'2018-06-29','0',95,'c7c6a5cf85e14f5f82f09cb1ff2a3d9c',1,1,1,0,0,0,105,200),(33,4,'2018-06-29','0',142,'a5f1e7542e82447589630ec9d6f5063e',1,1,1,0,0,0,58,200),(34,4,'2018-06-29','0',319,'b69b4329014349e4a1be3721af7d5137',1,1,1,0,0,0,201,520),(35,4,'2018-07-01','0',185,'883810ce77a643fbb3648c762fb76097',1,1,1,0,0,0,315,500),(36,4,'2018-07-01','0',160,'f126ff61bc264cbe95dfcaaa6624ae1b',1,1,1,0,0,0,0,160),(37,4,'2018-07-01','0',75,'6dbd77bf21974505a4efceb6e918875a',1,1,1,0,0,0,25,100),(38,4,'2018-07-01','0',101,'e578f90705504d69a60f96a54880451a',1,1,1,0,0,0,400,501),(39,4,'2018-07-01','0',24,'1667c2b2b54e4403871b6d061f37f57c',1,1,1,0,11,0,1,25),(40,4,'2018-07-01','0',159,'2081d1a1a6b04934ba93018e30efcf71',1,1,1,0,0,0,41,200),(41,4,'2018-07-01','0',90,'83cb76c05bbe4789b01191f7446b1705',1,1,1,0,0,0,410,500),(42,4,'2018-07-01','0',105,'76d8b421d20d4232a71bc088dcd3123a',1,1,1,0,0,0,100,205),(43,4,'2018-07-01','0',204,'aaad11a455cb425ebaf52df1c31ef076',1,1,1,0,0,0,1,205),(44,4,'2018-07-01','0',265,'72f17a5e67824b099711c2ca3c6394a2',1,1,1,0,0,0,35,300),(45,4,'2018-07-01','0',165,'c61dfd9bdb3a44f9b45fb8e8055c03cd',1,1,1,0,0,0,35,200),(46,4,'2018-07-01','0',65,'6809ce02773f4493a8162cb6b62815b6',1,1,1,0,0,0,135,200),(47,4,'2018-07-01','0',244,'437c32d78d754ba4a5fadf862f15202d',1,1,1,0,0,0,256,500),(48,4,'2018-07-02','0',134,'1260b202cd244a7a80210e685c696cde',1,1,1,0,0,0,66,200),(49,4,'2018-07-02','0',140,'06bfb5690cd44069bbf3cdde8cf109fb',1,1,1,0,0,0,60,200),(50,4,'2018-07-02','0',80,'371e24eb04c745f2b4e4c3465284b6ee',1,1,1,0,0,0,120,200),(51,4,'2018-07-02','0',250,'89ce8146bb724d40bd8b78548cc16fad',1,1,1,0,0,0,0,250),(52,4,'2018-07-02','0',30,'76b318e143a34592ab4dd22b5ab90a68',1,1,1,0,0,0,470,500),(53,4,'2018-07-02','0',135,'15de3d11ead7466cbb1559ad3b357ebe',1,1,1,0,0,0,65,200),(54,4,'2018-07-02','0',45,'779d95ede3a84030a54858a855b4e1d8',1,1,1,0,0,0,0,45),(55,4,'2018-07-02','0',145,'4b9509eb320d4080b563702459eb2c0f',1,1,1,0,0,0,5,150),(56,4,'2018-07-02','0',75,'63e5b503099c4978bffeafafa20ec6ed',1,1,1,0,0,0,25,100),(57,4,'2018-07-02','e9b2bf77328c4cee9568e7ff93bcc277',64,'cdbe72ea7a2b451abeb27e0d2e5323ab',1,1,1,26,0,0,0,64),(58,4,'2018-07-02','e9b2bf77328c4cee9568e7ff93bcc277',57,'a0796b665b06445e84673f59bdd81fb6',1,1,1,23,0,0,143,200),(59,4,'2018-07-02','e9b2bf77328c4cee9568e7ff93bcc277',64,'d65fdc0548134e00aa3436ab31a889cc',1,1,1,26,0,0,0,64),(60,4,'2018-07-02','e9b2bf77328c4cee9568e7ff93bcc277',46,'830031a384c8468daa22ff6d7d9c0a3e',1,1,1,19,0,0,4,50),(61,4,'2018-07-02','e9b2bf77328c4cee9568e7ff93bcc277',67,'9363955aa38243258b6d9cf01278e752',1,1,1,28,0,0,33,100),(62,4,'2018-07-02','0',159,'19db1bcec2c84c1cb1dd5179ca74cdf2',1,1,1,0,0,0,0,159),(63,4,'2018-07-02','0',160,'e96daa86808e4ff6a101189bdfb67d1e',1,1,1,0,0,0,40,200),(64,4,'2018-07-02','0',90,'35c2ff963c224496b632c7cd07c35498',1,1,1,0,0,0,0,90),(65,4,'2018-07-03','0',85,'b743db18c43943e8a21214c874743e59',1,1,1,0,0,0,115,200),(66,4,'2018-07-03','0',190,'eea8626d314b404ca8f308303b33a069',1,1,1,0,0,0,10,200),(67,4,'2018-07-03','0',94,'c6e0216263fb400084d197fb8f06a6a7',1,1,1,0,0,0,6,100),(68,4,'2018-07-03','0',112,'c67f4b2a50984b06aa1dbe7f7d9c5e26',1,1,1,0,0,0,8,120),(69,4,'2018-07-03','0',125,'49e25a3eee804c46853e5e45e9a23de3',1,1,1,0,0,0,75,200),(70,4,'2018-07-03','0',50,'22eba957001f4df698b016ab66143589',1,1,1,0,0,0,0,50),(71,4,'2018-07-03','0',130,'c1b8fb0243e2473eb9852449ae528eda',1,1,1,0,0,0,20,150),(72,4,'2018-07-03','e9b2bf77328c4cee9568e7ff93bcc277',68,'2df0daa31f1741b8bcf2df8e5b36d594',1,1,1,17,0,0,132,200),(73,4,'2018-07-03','0',615,'f4e2a099295b4ce89fb25217788ba537',1,1,1,0,0,0,0,615),(74,4,'2018-07-03','0',35,'e2fc2308a0304d4fbd2bf26f3cec06d5',1,1,1,0,0,0,65,100),(75,4,'2018-07-03','0',305,'58538f5cf1d54f829f3ea83e8b4001d1',1,1,1,0,0,0,0,305),(76,4,'2018-07-03','0',125,'2727307fc01b403a9cf24c526c7c600b',1,1,1,0,0,0,0,125),(77,4,'2018-07-03','0',70,'7d4c6238a79a4966ba33f0d8bbb94192',1,1,1,0,0,0,30,100),(78,4,'2018-07-03','0',245,'8d2a6bf47a4d4ad79f991726866bf5e4',1,1,1,0,0,0,5,250),(79,4,'2018-07-03','0',67,'b0b6d70dbf0949f68ad6e3e1e8aae79e',1,1,1,0,20,0,133,200),(80,4,'2018-07-03','0',47,'78eac4f4ea794e76bb2cce6a22ead77d',1,1,1,0,0,0,153,200),(81,4,'2018-07-03','e9b2bf77328c4cee9568e7ff93bcc277',180,'354d2413ad844b38b26b63c5d3d28260',1,1,1,8,0,0,20,200),(82,4,'2018-07-04','0',45,'b76b555af8524e25a420fc23576cbc2e',1,1,1,0,0,0,155,200),(83,4,'2018-07-04','0',160,'1ea297f5f6b14bd99accad83ed911dd9',1,1,1,0,0,0,40,200),(84,4,'2018-07-04','0',90,'32335b19431f42bba5238884c3e2644d',1,1,1,0,0,0,10,100),(85,4,'2018-07-04','0',80,'fcc247c9e8a2451488ce94e3158cf87c',1,1,1,0,0,0,120,200),(86,4,'2018-07-04','0',220,'7405f7e304784bf29c65a83023564936',1,1,1,0,0,0,30,250),(87,4,'2018-07-04','0',90,'be6af04e40da40e0a3798a2c392d8cb4',1,1,1,0,0,0,10,100),(88,4,'2018-07-04','0',45,'bdc87ebedcee4f05833ec8e76ad1342d',1,1,1,0,0,0,5,50),(89,4,'2018-07-04','0',45,'97e356076b22415298fbe459cdcd7ac0',1,1,1,0,0,0,5,50),(90,4,'2018-07-04','0',139,'7cadf3e5d8394075b9f76756a92553f5',1,1,1,0,16,0,61,200),(91,4,'2018-07-04','0',285,'86bdbacea52f4161a524b4dddde90e34',1,1,1,0,0,0,15,300),(92,4,'2018-07-04','e9b2bf77328c4cee9568e7ff93bcc277',76,'14bde14953224e11a091107c9623aa2a',1,1,1,19,0,0,124,200),(93,4,'2018-07-04','0',157,'6cbbdcdb7f2145faa5c3bcd4a1af4634',1,1,1,0,0,0,43,200),(94,4,'2018-07-05','0',130,'30b5cc2a2b374efaa19d75a0f15f31f5',1,1,1,0,0,0,70,200),(95,4,'2018-07-05','0',115,'538152d9ca4b4a55ac9da68227be11c0',1,1,1,0,0,0,85,200),(96,4,'2018-07-05','0',28,'e875f3e8eccf45339ac22d164bd5a647',1,1,1,0,12,0,22,50),(97,4,'2018-07-05','0',50,'c47d5771dd114698aca89ced74ff3f02',1,1,1,0,0,0,10,60),(98,4,'2018-07-05','0',85,'d7305212204341ceac35644cffce5108',1,1,1,0,0,0,15,100),(99,4,'2018-07-05','0',167,'82ba762709634622bf6ad2951c59c51a',1,1,1,0,0,0,333,500),(100,4,'2018-07-05','0',190,'3c53c7d1eb1d4af09e4125fa9e570a25',1,1,1,0,0,0,310,500),(101,4,'2018-07-05','0',40,'96a6534dba4a4cb7bc2cde59e758b2db',1,1,1,0,0,0,10,50),(102,4,'2018-07-05','4f383fa3524248fb861f8be15e50c875',235,'9835abcc15004c6ea3acbbac55a047e8',1,1,1,17,0,0,65,300),(103,4,'2018-07-05','0',64,'b40ecebf2c4042c09bbca3d1ee8e180e',1,1,1,0,0,0,36,100),(104,4,'2018-07-05','0',80,'d8c891173fed4f7dbca5f2170c58cb84',1,1,1,0,0,0,20,100),(105,4,'2018-07-05','0',42,'45b268b85b784bf1962b7768bb15cdc4',1,1,1,0,0,0,8,50),(106,4,'2018-07-05','0',160,'2c6fc3b1f51d4825b6a44c85448c0052',1,1,1,0,0,0,10,170),(107,4,'2018-07-05','0',90,'7ff3c22aea7a46f895039228df1099e3',1,1,1,0,0,0,110,200),(108,4,'2018-07-06','0',90,'3db1b6b513e745d0a04309eb59dfe37a',1,1,1,0,0,0,110,200),(109,4,'2018-07-06','0',80,'48690d746a76458bb687599a349d3a33',1,1,1,0,0,0,120,200),(110,4,'2018-07-06','0',45,'f7d63154eb734c74b48aa59ed2952d1e',1,1,1,0,0,0,5,50),(111,4,'2018-07-06','0',64,'528ffddc8f2d45c69c50ebb88314749e',1,1,1,0,0,0,0,64),(112,4,'2018-07-06','0',30,'f835162d670a4c148f1ae271ee5d1ac1',1,1,1,0,0,0,70,100),(113,4,'2018-07-06','0',130,'92ad23cbb1584311aad7ac7123723d6a',1,1,1,0,0,0,70,200),(114,4,'2018-07-06','0',90,'31e8ca5f99384e4e98a8d4d374a5a33b',1,1,1,0,0,0,10,100),(115,4,'2018-07-06','0',45,'5a9499d124fe41a49312dd0bdd90b6cd',1,1,1,0,0,0,55,100),(116,4,'2018-07-06','0',35,'3941f55942f6438aa7e82988ed901798',1,1,1,0,0,0,15,50),(117,4,'2018-07-06','0',27,'1f8a6204d3f9401489d4e774b331f6b0',1,1,1,0,0,0,23,50),(118,4,'2018-07-06','0',155,'a34e33ba1a034b27a8c9d18bebb48624',1,1,1,0,0,0,5,160),(119,4,'2018-07-06','0',90,'4a5859532f8b42329392f6056c21e3e2',1,1,1,0,0,0,110,200),(120,4,'2018-07-06','0',175,'f1a579256fdb413cafeb986a44d72ff5',1,1,1,0,0,0,325,500),(121,4,'2018-07-06','0',103,'ee63b1b934524d5e95cced15fab3fea8',1,1,1,0,0,0,107,210),(122,4,'2018-07-06','0',40,'a5e227c619754f5b9071f3b7c4f8a783',1,1,1,0,0,0,0,40),(123,4,'2018-07-06','0',133,'53363660cc0340ffa50986b30904c258',1,1,1,0,0,0,67,200),(124,4,'2018-07-06','0',144,'55d9d735151e4b64920113bdae5b934e',1,1,1,0,22,0,16,160),(125,4,'2018-07-06','0',55,'6f4d773ad77e4feab49ca23e8dc81585',1,1,1,0,0,0,5,60),(126,4,'2018-07-06','0',167,'36c5e76a01384e858d69a5c3503876ce',1,1,1,0,0,0,33,200),(127,4,'2018-07-08','0',45,'be5f7689d06c47398af801bdf29a56b1',1,1,1,0,0,0,55,100),(128,4,'2018-07-08','0',85,'a9a76256fbf04e8a93bbade402166c02',1,1,1,0,0,0,15,100),(129,4,'2018-07-08','0',84,'20881ee9794e40279782d0d47fbea857',1,1,1,0,0,0,416,500),(130,4,'2018-07-08','0',354,'92ea07584ee849e9a662380a5aa6d195',1,1,1,0,0,0,16,370),(131,4,'2018-07-08','0',125,'37547ecd213b41b78370a65ea9e62161',1,1,1,0,0,0,75,200),(132,4,'2018-07-08','0',130,'43a8ace37eea4ffc8f7209a61d9fc20c',1,1,1,0,0,0,370,500),(133,4,'2018-07-08','0',40,'32dcd3c38e3a456296ea605fac932bc6',1,1,1,0,0,0,10,50),(134,4,'2018-07-08','0',105,'a3af3b6d91ac4c28b8091c0ffd3dc47e',1,1,1,0,0,0,0,105),(135,4,'2018-07-08','0',192,'2bbb8f623d0e4393bb5d3b3a571c95f4',1,1,1,0,0,0,8,200),(136,4,'2018-07-08','0',110,'218dd5347eeb41be93c22134d69ee281',1,1,1,0,0,0,40,150),(137,4,'2018-07-08','0',149,'8744a9ec49b04e26aaff91b54d21ef19',1,1,1,0,31,0,11,160),(138,4,'2018-07-08','0',137,'6dcc93a6a1a14a6fa43d7ed439a3dc5a',1,1,1,0,0,0,3,140),(139,4,'2018-07-08','0',100,'b2709ade23354b82b030c993417761e2',1,1,1,0,0,0,100,200),(140,4,'2018-07-08','0',147,'989c2f0d1d12405cb951fbf35a0cec76',1,1,1,0,0,0,3,150),(141,4,'2018-07-08','0',255,'31c473eb952245e39be3a9e575e5f7b7',1,1,1,0,0,0,45,300),(142,4,'2018-07-08','0',20,'6aa0b353a781445fbcbf884791062c0e',1,1,1,0,0,0,0,20),(143,4,'2018-07-09','0',162,'ef4692e2244149e3a3dee1c316a956d9',1,1,1,0,0,0,338,500),(144,4,'2018-07-09','0',90,'83ee33aef1c24a40a7a58436df1e6214',1,1,1,0,0,0,10,100),(145,4,'2018-07-09','0',70,'c88dfc57bf794276b90faf92fd24dfdc',1,1,1,0,0,0,30,100),(146,4,'2018-07-09','0',285,'446815972b5245deae7e28e7d904949d',1,1,1,0,0,0,15,300),(147,4,'2018-07-09','0',80,'abbeed1676b44db495ea3acd2e374937',1,1,1,0,0,0,120,200),(148,4,'2018-07-09','0',135,'eb67c55491e44a7eba3af7341440a1e1',1,1,1,0,0,0,15,150),(149,4,'2018-07-09','0',205,'bf131db9677642e384af3655a9e732a3',1,1,1,0,0,0,0,205),(150,4,'2018-07-09','0',157,'476862684a6c4e6090cff06123f2b42a',1,1,1,0,0,0,0,157),(151,4,'2018-07-09','0',190,'4e2bf385a1b64bedaf0f549530c476b3',1,1,1,0,0,0,310,500),(152,4,'2018-07-09','1ce1319c53804081aaea1eeb73c02f9c',166,'d58ebefbefc74a72814e9fefff9e9978',1,1,1,29,0,0,34,200),(153,4,'2018-07-09','0',70,'fb14071563dd4ce99cbd77ec48c3477c',1,1,1,0,0,0,430,500),(154,4,'2018-07-09','0',107,'aac50d2d4477405c8b2d837bed0b688a',1,1,1,0,0,0,43,150),(155,4,'2018-07-09','0',40,'334a26018588408280fdd78a6219c235',1,1,1,0,0,0,0,40),(156,4,'2018-07-09','0',132,'f87843236cb040599c2ed16d3cf60406',1,1,1,0,0,0,0,132),(157,4,'2018-07-09','0',186,'48a39b5c95cf475fa57ab0695de2a8d1',1,1,1,0,0,0,314,500),(158,4,'2018-07-10','0',45,'b339c2c6d7f1422c8a58f273e4e2dc7b',1,1,1,0,0,0,5,50),(159,4,'2018-07-10','0',35,'52ed3d8aed8d4561aa4371d209b29da9',1,1,1,0,0,0,0,35),(160,4,'2018-07-10','0',52,'e5145f5b7abb4b4e8eeba79b37a0f706',1,1,1,0,0,0,8,60),(161,4,'2018-07-10','0',230,'9ed04c02e1784e64ae3fcac68c9afcb2',1,1,1,0,0,0,270,500),(162,4,'2018-07-10','fdf674235a0048e7bc561132bf7110f0',389,'ed9d0e8ccd034f0a96378ec2efb8d52e',1,1,1,66,0,0,111,500),(163,4,'2018-07-10','0',45,'707cee5711fe4f65a774b26d32da3a35',1,1,1,0,0,0,55,100),(164,4,'2018-07-10','0',40,'7a04686421b74fdbb3537fd3192348d7',1,1,1,0,0,0,0,40),(165,4,'2018-07-10','0',115,'089f83e2fb754b21afbd57cd23459b26',1,1,1,0,0,0,85,200),(166,4,'2018-07-10','0',320,'ac13f66b277b4e74ba46b5ef8d5f9643',1,1,1,0,0,0,0,320),(167,4,'2018-07-10','fdf674235a0048e7bc561132bf7110f0',118,'c15f9586707149f98182cacf0aba1552',1,1,1,22,0,0,82,200),(168,4,'2018-07-10','0',269,'a74e28d1002d440bb511d5103f02bf0d',1,1,1,0,0,0,131,400),(169,4,'2018-07-12','0',50,'cca5a58e55e543f78a4204ecff171c55',1,1,1,0,0,0,0,50),(170,4,'2018-07-12','0',70,'6eda5026b345484990d1c46f09f2dfa1',1,1,1,0,0,0,0,70),(171,4,'2018-07-12','0',90,'7cf9095c3142485e97c9dbfb3dd5c2c0',1,1,1,0,0,0,10,100),(172,4,'2018-07-12','0',170,'a4acbd7aba994961a7a699ecac76b2ea',1,1,1,0,0,0,30,200),(173,4,'2018-07-12','0',160,'8511b2a05366467b8e4325914b618153',1,1,1,0,0,0,50,210),(174,4,'2018-07-12','0',149,'969f664c4086456eb825618cfd941a61',1,1,1,0,0,0,1,150),(175,4,'2018-07-12','0',265,'8c5498ad18f74e0e83aea522ef7bec15',1,1,1,0,0,0,35,300),(176,4,'2018-07-12','0',160,'f4c99367e1144269ae2eb051a827af64',1,1,1,0,0,0,350,510),(177,4,'2018-07-12','0',280,'3dba381b26284f8cbdbe09bcbe2b3c16',1,1,1,0,0,0,0,280),(178,4,'2018-07-12','0',132,'de0f39f185324140bffd789a3d97272d',1,1,1,0,0,0,18,150),(179,4,'2018-07-12','0',80,'f76dd2d79d904cfaac356c4b4001076c',1,1,1,0,0,0,20,100),(180,4,'2018-07-12','0',130,'a1a01e1bcf634719902ae4ea90b540d3',1,1,1,0,0,0,70,200),(181,4,'2018-07-13','0',45,'f8d0d56aa1304ebfa5cb84b275f7f759',1,1,1,0,0,0,155,200),(182,4,'2018-07-13','0',205,'80e5405dd119419ebfaddfbe03c96852',1,1,1,0,0,0,0,205),(183,4,'2018-07-13','0',187,'5533c2cde1db4dcca8922f623bc4a98d',1,1,1,0,0,0,13,200),(184,4,'2018-07-13','0',125,'5fa9372cbd3e41c68515e33484d9156b',1,1,1,0,0,0,75,200),(185,4,'2018-07-13','0',90,'81d7cef633894cf0a8c318a4a68f4693',1,1,1,0,0,0,10,100),(186,4,'2018-07-13','0',195,'1097b4e19aac4643be6fa6d8ae128376',1,1,1,0,0,0,5,200),(187,4,'2018-07-13','0',137,'876328f192f14564855058354a951844',1,1,1,0,0,0,13,150),(188,4,'2018-07-13','0',140,'f4c583939a384b32966c954f94b24cce',1,1,1,0,0,0,60,200),(189,4,'2018-07-13','0',85,'9f02562809f543ac9fe202caa0c40467',1,1,1,0,0,0,15,100),(190,4,'2018-07-13','0',90,'4cb25f8c24c04aa8b71ca921f67778b1',1,1,1,0,0,0,410,500),(191,4,'2018-07-13','0',448,'d4af1211bdc34926bf6ed71d8f8c704d',1,1,1,0,0,0,52,500),(192,4,'2018-07-13','0',247,'44494eebb254427d96c7e766c41d31fe',1,1,1,0,0,0,53,300),(193,4,'2018-07-13','0',180,'f4f8ab7a263942b69c4205680a6d6d8e',1,1,1,0,0,0,20,200),(194,4,'2018-07-13','0',238,'2d3fdeb8d04547c5aa520756e01a9b55',1,1,1,0,0,0,162,400),(195,4,'2018-07-13','0',105,'c9d6501a707e480f8d20f001e6ee2cee',1,1,1,0,0,0,400,505),(196,4,'2018-07-15','0',35,'4971ce2875134422a0a5cef22899f637',1,1,1,0,0,0,15,50),(197,4,'2018-07-15','0',125,'4dc44cfa604e43f7a281fc725bd135ae',1,1,1,0,0,0,75,200),(198,4,'2018-07-15','0',45,'6315b8a67ae44f9eb6db1dd264a07890',1,1,1,0,0,0,5,50),(199,4,'2018-07-15','0',70,'1c3f0cfbeda741cdab49fdca32698af6',1,1,1,0,0,0,0,70),(200,4,'2018-07-15','0',275,'2b0b963203004254a8489492db123dfd',1,1,1,0,0,0,5,280),(201,4,'2018-07-15','0',40,'ee8bb8b24b2c447196a74f36c7c2d31d',1,1,1,0,0,0,60,100),(202,4,'2018-07-15','0',90,'abfc924b345646faa0aa2d9bd908ec6f',1,1,1,0,0,0,110,200),(203,4,'2018-07-15','0',45,'01154ea924a1421da8a153217037bd1b',1,1,1,0,0,0,5,50),(204,4,'2018-07-15','0',90,'ad53801d0b9c4990ac1e35bfe677ecd5',1,1,1,0,0,0,110,200),(205,4,'2018-07-15','0',100,'bd27c58df57842e7be00b0520e0de47b',1,1,1,0,0,0,0,100),(206,4,'2018-07-15','0',155,'b6c5b8b6373e48d1921ed2c0017f2622',1,1,1,0,0,0,350,505),(207,4,'2018-07-15','0',45,'813a683f46ad4eb1ac5bebede3ab636d',1,1,1,0,0,0,0,45),(208,4,'2018-07-15','0',162,'6b2dbe3784bd453c9022e6157c4fe651',1,1,1,0,18,0,38,200),(209,4,'2018-07-15','0',140,'679aeddfe76348c69976ac27533b02da',1,1,1,0,0,0,10,150),(210,4,'2018-07-15','0',160,'8d750a2ec89b482ebe6096c7fb9da200',1,1,1,0,0,0,340,500),(211,4,'2018-07-15','0',70,'d586d5baa44b407fb4bf752641bf0f75',1,1,1,0,0,0,30,100),(212,4,'2018-07-15','0',72,'420100e0e6604622afb89a629a878a2c',1,1,1,0,18,0,128,200),(213,4,'2018-07-15','0',90,'d566dc8cd1fa4944bdce6c032bbc211f',1,1,1,0,0,0,10,100),(214,4,'2018-07-15','0',228,'a75805bded414777b073b961f39eb999',1,1,1,0,0,0,272,500),(215,4,'2018-07-15','0',115,'3c05460707034a6484a7a1d72ad75759',1,1,1,0,0,0,85,200),(216,4,'2018-07-15','0',505,'5ca43d52ecc247f989836f88bc63f183',1,1,1,0,0,0,15,520),(217,4,'2018-07-15','0',155,'932209ac73694b6dadfb370982e6dcb3',1,1,1,0,0,0,15,170),(218,4,'2018-07-16','0',175,'68441755de464c59802a17cb97e42fbd',1,1,1,0,0,0,25,200),(219,4,'2018-07-16','0',162,'290d1d98b6c94f24a1b21f9d120a3292',1,1,1,0,0,0,38,200),(220,4,'2018-07-16','0',90,'14827bc2d72f40668268b7f78bba05dc',1,1,1,0,0,0,10,100),(221,4,'2018-07-16','0',45,'e0ddfbe0dadd4489a36ab570b25da491',1,1,1,0,0,0,5,50),(222,4,'2018-07-16','0',215,'60ede1571069415ca968e42416e74cd4',1,1,1,0,0,0,35,250),(223,4,'2018-07-16','0',70,'87fe10ec0f434c0b9af26770df203ed7',1,1,1,0,0,0,430,500),(224,4,'2018-07-16','0',104,'333e9635b57943ebb22ab60f6626b0e4',1,1,1,0,0,0,6,110),(225,4,'2018-07-16','0',90,'80c1cbf446094aab80b7f09ef89cc877',1,1,1,0,0,0,10,100),(226,4,'2018-07-16','0',45,'439d21b55f5f4eaea3200ce994c37f66',1,1,1,0,0,0,5,50),(227,4,'2018-07-16','0',215,'67dbcd77ae1e4a06ad547ac0f205a940',1,1,1,0,0,0,5,220),(228,4,'2018-07-16','0',160,'e4c85a1f19d64d1b971cffabfade684b',1,1,1,0,0,0,40,200),(229,4,'2018-07-17','0',44,'b7210d49286a4a4f98b85b65be0831c2',1,1,1,0,0,0,6,50),(230,4,'2018-07-17','0',150,'6df9e5d390b44936af9dad1e4fff0cb5',1,1,1,0,0,0,350,500),(231,4,'2018-07-17','0',130,'5c77b186f850485eba70de47f1a0a32f',1,1,1,0,0,0,20,150),(232,4,'2018-07-17','0',160,'37b53d8090d144399c940ded1485e6b0',1,1,1,0,0,0,40,200),(233,4,'2018-07-17','0',221,'b80148e9e60e4e5393f4ff7c0228abc0',1,1,1,0,0,0,0,221),(234,4,'2018-07-17','0',89,'44f4eb51e96448c69ac89bdf2751f85a',1,1,1,0,0,0,11,100),(235,4,'2018-07-17','0',279,'d9974593ea87448da71a0e65b2104bbc',1,1,1,0,0,0,21,300),(236,4,'2018-07-17','0',255,'28e134cc62544ff2bb965f324b5571c0',1,1,1,0,0,0,245,500),(237,4,'2018-07-17','0',160,'e353da097fc64444bd7cb5948275e96c',1,1,1,0,0,0,0,160),(238,4,'2018-07-17','fdf674235a0048e7bc561132bf7110f0',68,'799484ddb2f846f893b46260bbcdebd9',1,1,1,22,0,0,32,100),(239,4,'2018-07-17','0',110,'01655751912942c89f76de6f4077a354',1,1,1,0,0,0,90,200),(240,4,'2018-07-17','0',113,'84c2a33f79be4422ae8d40be954a5720',1,1,1,0,0,0,87,200),(241,4,'2018-07-17','0',222,'0e9bdd1f7a224c6495f0e74c63d07708',1,1,1,0,0,0,30,252),(242,4,'2018-07-17','0',369,'712f9fab6d5a40dba320181fd21196e6',1,1,1,0,0,0,131,500),(243,4,'2018-07-17','0',117,'e5f6eea9ad7745a9affb61521d9dc185',1,1,1,0,0,0,3,120),(244,4,'2018-07-18','0',125,'7fa44b4b32da4409ba0583c4f2a054c1',1,1,1,0,0,0,5,130),(245,4,'2018-07-18','0',35,'b450a2d8b11b4afe91217f505251bb02',1,1,1,0,0,0,15,50),(246,4,'2018-07-18','0',35,'f77db3018dc44b9897174d433e2fe975',1,1,1,0,0,0,0,35),(247,4,'2018-07-18','0',135,'80ee4f9499a4437b8f0fc4a6646a7420',1,1,1,0,0,0,65,200),(248,4,'2018-07-18','e9b2bf77328c4cee9568e7ff93bcc277',163,'e83b58e23e8544ff8fafaeae87fb6437',1,1,1,16,0,0,37,200),(249,4,'2018-07-18','0',40,'891a2b1df9ab4e1488899fcd1b0c268a',1,1,1,0,0,0,10,50),(250,4,'2018-07-18','0',50,'15b8af060d2c4b38b6804b4e7864c290',1,1,1,0,0,0,50,100),(251,4,'2018-07-18','0',337,'d8fd7bed0a054d6c8c6f386d175b7449',1,1,1,0,0,0,63,400),(252,4,'2018-07-18','0',164,'ad49924d5c4b48d8a47dc9f47184c9ce',1,1,1,0,0,0,36,200),(253,4,'2018-07-18','0',129,'f358231aa3a5435d8a45d9799e94026b',1,1,1,0,0,0,1,130),(254,4,'2018-07-18','0',120,'602cd841b3db4f27a3426b9127f180bd',1,1,1,0,0,0,380,500),(255,4,'2018-07-18','0',115,'2070d01b2cf84aab9ddc81690567e91a',1,1,1,0,0,0,85,200),(256,4,'2018-07-18','0',120,'abdd2a73616b48e1a4d7aee19323a2b3',1,1,1,0,0,0,0,120),(257,4,'2018-07-18','0',252,'108441c57f294fe48b2cddcdfbcd357f',1,1,1,0,0,0,0,252),(258,4,'2018-07-18','0',85,'95377901f58342e3b41e7dde77bb2b42',1,1,1,0,0,0,65,150),(259,4,'2018-07-18','0',125,'f55e3584f3ae4f04a32f0d636eee9883',1,1,1,0,0,0,75,200),(260,4,'2018-07-18','0',262,'9cdb4b88de7e49ea9788518fdafb289e',1,1,1,0,0,0,238,500),(261,4,'2018-07-18','0',255,'38a86293ce6340d4b8f802f5352c0d50',1,1,1,0,0,0,50,305),(262,4,'2018-07-18','0',35,'343b92fbe1b24c5ebffd6066e1a2b577',1,1,1,0,0,0,15,50),(263,4,'2018-07-19','0',140,'5a9ee0bc97b64d40b14a29f82040a95b',1,1,1,0,0,0,10,150),(264,4,'2018-07-19','4f383fa3524248fb861f8be15e50c875',128,'ca6a5329ec514050a6073fd60a385e89',1,1,1,17,0,0,372,500),(265,4,'2018-07-19','0',80,'11452f6768834d52a980266858f63b07',1,1,1,0,0,0,20,100),(266,4,'2018-07-19','0',80,'eecb286161104994a4f087d4e863228c',1,1,1,0,0,0,20,100),(267,4,'2018-07-19','0',135,'958e99b5f078401aad62643b52c3c6bb',1,1,1,0,0,0,0,135),(268,4,'2018-07-19','0',35,'f9990bef88374f98acc3dab00cdfd33d',1,1,1,0,0,0,15,50),(269,4,'2018-07-19','0',75,'f6d95d73b29744b493a474516bcfc7a6',1,1,1,0,0,0,5,80),(270,4,'2018-07-19','0',170,'8e70dd66cf614a1f951cf8a6026c6440',1,1,1,0,0,0,330,500),(271,4,'2018-07-19','0',313,'f699d524fc4441759089d79b8ca11de1',1,1,1,0,0,0,0,313),(272,4,'2018-07-19','0',35,'80c16716c3d14398936cdc4efe2c1cef',1,1,1,0,0,0,15,50),(273,4,'2018-07-19','0',115,'e14921a23d7e4afaaec1eaf82a3e6a0a',1,1,1,0,0,0,5,120),(274,4,'2018-07-19','4f383fa3524248fb861f8be15e50c875',364,'76cce09479724963bf544b4dabbc4fc0',1,1,1,34,0,0,36,400),(275,4,'2018-07-19','0',267,'61c20e7841bd4f8cab44a667c52f5465',1,1,1,0,0,0,0,267),(276,4,'2018-07-19','4f383fa3524248fb861f8be15e50c875',133,'b2c5f4efa11140dabb105ffa6113e402',1,1,1,17,0,0,7,140),(277,4,'2018-07-20','0',198,'2e63bdab410f4d408f82228bbad146d6',1,1,1,0,22,0,302,500),(278,4,'2018-07-20','0',175,'b53e48b1e7f24352980d37b1a566af57',1,1,1,0,0,0,25,200),(279,4,'2018-07-20','0',28,'7cc66f0def2340e28a4ca13a23e0410d',1,1,1,0,0,0,2,30),(280,4,'2018-07-20','0',220,'65b18cfc599e4db6b76b2691ba52c15c',1,1,1,0,0,0,80,300),(281,4,'2018-07-20','0',75,'68f54992cc1d462d8af5627b01a0298a',1,1,1,0,0,0,125,200),(282,4,'2018-07-20','e9b2bf77328c4cee9568e7ff93bcc277',62,'78247b0c4ad24c3382e9e7d41e75a65d',1,1,1,15,0,0,0,62),(283,4,'2018-07-20','e9b2bf77328c4cee9568e7ff93bcc277',64,'9d5e48031f9349ada855d53f38af8f78',1,1,1,16,0,0,0,64),(284,4,'2018-07-20','e9b2bf77328c4cee9568e7ff93bcc277',40,'b5d8c8026df54a13bbc546e24ba3c254',1,1,1,10,0,0,0,40),(285,4,'2018-07-20','0',69,'56ed27f31c1c4562a45f59dc45b90773',1,1,1,0,0,0,0,69),(286,4,'2018-07-20','0',85,'5774abd2dbe844d68a44a19d5d528ffb',1,1,1,0,0,0,115,200),(287,4,'2018-07-20','0',35,'c75022bb324046d6a320d56ece9dbac5',1,1,1,0,0,0,65,100),(288,4,'2018-07-20','0',137,'299f2d9837ac49b089941367f7033415',1,1,1,0,0,0,363,500),(289,4,'2018-07-20','0',165,'68a855efcdc24e44810b1c05e372d964',1,1,1,0,0,0,35,200),(290,4,'2018-07-20','0',92,'2fcd52bde2a94aa1a774c51e9a92afe2',1,1,1,0,0,0,108,200),(291,4,'2018-07-20','0',224,'679c041967a64a6e8488126968ffc3f3',1,1,1,0,0,0,76,300),(292,4,'2018-07-20','0',100,'93e8a877ea26401da11785e965fa46b6',1,1,1,0,0,0,0,100),(293,4,'2018-07-20','0',70,'b0be56867ae841eca373d9e78224b1bd',1,1,1,0,0,0,30,100),(294,4,'2018-07-22','0',55,'4d0cc8957d7c4ad7a7dc9fa2187fcbac',1,1,1,0,0,0,5,60),(295,4,'2018-07-22','0',140,'1f9bc44199d84a56970e80805e70db82',1,1,1,0,0,0,60,200),(296,4,'2018-07-22','0',115,'0cfa6cdd37bf44389d5de7706be21048',1,1,1,0,0,0,0,115),(297,4,'2018-07-22','0',45,'4fba3d6211524c238d3022211013f01b',1,1,1,0,0,0,55,100),(298,4,'2018-07-22','0',125,'ef28450461424c2aa8b040a9d8320832',1,1,1,0,0,0,375,500),(299,4,'2018-07-22','0',92,'6ed737b370e94982bf2526db4d8ec7f5',1,1,1,0,0,0,8,100),(300,4,'2018-07-22','0',165,'5d8ce4a6169b4a688f3429660b71ab23',1,1,1,0,0,0,335,500),(301,4,'2018-07-22','0',35,'8c0d993a2e8944448d4cc10c546562f1',1,1,1,0,0,0,65,100),(302,4,'2018-07-22','0',40,'ab9c7359646a4b099be314b49f61c289',1,1,1,0,0,0,10,50),(303,4,'2018-07-22','0',42,'e76c9b47cd744eaba0b136f12325ffe3',1,1,1,0,0,0,0,42),(304,4,'2018-07-22','0',80,'96af5281a1a34a0eb803113fec1bb49b',1,1,1,0,0,0,0,80),(305,4,'2018-07-22','0',195,'57a8fef93d8743be9dbe7e1f87c7d4d7',1,1,1,0,0,0,5,200),(306,4,'2018-07-22','0',154,'4abcaa26a65145358b4a738140be1f69',1,1,1,0,0,0,46,200),(307,4,'2018-07-22','0',570,'b0cb14f664e24d12805647924cf88c42',1,1,1,0,0,0,0,570),(308,4,'2018-07-22','0',85,'126a0de26ca148898130ce2d29c7fed3',1,1,1,0,0,0,15,100),(309,4,'2018-07-22','0',45,'c99a110987c547fca3cd8c654de1cd82',1,1,1,0,0,0,0,45),(310,4,'2018-07-22','0',125,'845886c2b4e741a9aba028a9044b7e7a',1,1,1,0,0,0,75,200),(311,4,'2018-07-22','1ce1319c53804081aaea1eeb73c02f9c',218,'68f33109626245c0925507bbd754a215',1,1,1,39,0,0,82,300),(312,4,'2018-07-23','0',27,'93b97661350b4bada39cb9badf2c9057',1,1,1,0,5,0,173,200),(313,4,'2018-07-23','0',82,'e0c8cf7109cc42a089b92d3bf3d32e38',1,1,1,0,0,0,418,500),(314,4,'2018-07-23','0',135,'a4cc9a89547945edb1f05375cd649e7d',1,1,1,0,0,0,65,200),(315,4,'2018-07-23','0',134,'26c2c30de3104d04ba3cd7c69ad3f00f',1,1,1,0,0,0,66,200),(316,4,'2018-07-23','0',80,'574923c4a6264a64b89dedc24f512c90',1,1,1,0,0,0,120,200),(317,4,'2018-07-23','0',105,'188256fe21384b0cb4ad5b32a837d223',1,1,1,0,0,0,95,200),(318,4,'2018-07-23','0',182,'18dbf701731e4672991e10faff62a05d',1,1,1,0,0,0,18,200),(319,4,'2018-07-23','0',105,'9b60b9ff454b484e94f109395b0a04ac',1,1,1,0,0,0,15,120),(320,4,'2018-07-23','0',132,'f49a0bfec97943b38d1bbaf4f694f65c',1,1,1,0,0,0,68,200),(321,4,'2018-07-23','0',40,'19b8b6d0f1404cbe9bb618954f73d5d9',1,1,1,0,0,0,28,68),(322,4,'2018-07-23','0',85,'c33f072ae68142b399b81eafdb9ebc5a',1,1,1,0,0,0,15,100),(323,4,'2018-07-23','0',70,'41cbbeb0c8314cec9ad4a503d23658d3',1,1,1,0,0,0,0,70),(324,4,'2018-07-23','0',113,'7f687a3a3588449ab18449f6a83b7278',1,1,1,0,0,0,400,513),(325,4,'2018-07-23','0',35,'357ee45f70304c3d80635d4ad9126589',1,1,1,0,0,0,15,50),(326,4,'2018-07-23','0',187,'c1ac3f0986544c06b0201f057cb3eba1',1,1,1,0,0,0,13,200),(327,4,'2018-07-23','0',35,'ea362c30c75d41e2a2e0f5ac6ee4a082',1,1,1,0,0,0,5,40),(328,4,'2018-07-24','0',55,'1be35c96a3ab49e89767aa1d3baf9a29',1,1,1,0,0,0,0,55),(329,4,'2018-07-24','0',47,'8474405641ae413ea2cc4565d8c8ea20',1,1,1,0,0,0,53,100),(330,4,'2018-07-24','0',104,'ceaf84884dc04238b0cb241f9b7ede1c',1,1,1,0,0,0,96,200),(331,4,'2018-07-24','0',150,'49dd78f7fa14433a93a147bd273285fa',1,1,1,0,0,0,50,200),(332,4,'2018-07-24','0',103,'d4f6140bbf7d446791b2f083240bfa08',1,1,1,0,0,0,400,503),(333,4,'2018-07-24','0',80,'c154e6de82d74a099c671903aa5cc8fe',1,1,1,0,0,0,120,200),(334,4,'2018-07-24','0',192,'bd72b2f7b601475fa367079baee80c35',1,1,1,0,0,0,8,200),(335,4,'2018-07-24','0',80,'e2963d95cd054b9484f6073a76c14d87',1,1,1,0,0,0,20,100),(336,4,'2018-07-24','0',163,'a5257aab2ebb4f0a943b4dc5752e4358',1,1,1,0,0,0,337,500),(337,4,'2018-07-24','0',325,'6da28284d1a8412995cfb9b48ad16d53',1,1,1,0,0,0,75,400),(338,4,'2018-07-24','0',200,'e38191165a47430facb961082e403925',1,1,1,0,0,0,0,200),(339,4,'2018-07-24','fdf674235a0048e7bc561132bf7110f0',240,'f8a6fa0a87bb435d82079a3375be42e4',1,1,1,60,0,0,160,400),(340,4,'2018-07-24','0',115,'322515b748e94241b2f027aca95fe315',1,1,1,0,0,0,5,120),(341,4,'2018-07-24','0',155,'f6b133e633bd4bd79e0f06d6542fbc3b',1,1,1,0,0,0,50,205),(342,4,'2018-07-24','fdf674235a0048e7bc561132bf7110f0',68,'f644a3b08b684741ae9d7c1b2aed6368',1,1,1,22,0,0,32,100),(343,4,'2018-07-24','0',140,'4f15bde2d8a74186850f656b73c97144',1,1,1,0,0,0,10,150),(344,4,'2018-07-24','fdf674235a0048e7bc561132bf7110f0',70,'eede715f44ef4538839bdca0a7e82d7c',1,1,1,22,0,0,30,100),(345,4,'2018-07-24','0',175,'10fd4ebf8eff431eb5906602bddce4b9',1,1,1,0,0,0,25,200),(346,4,'2018-07-25','0',75,'3a08b0d33d4e40f1847ba65e62f7776f',1,1,1,0,0,0,425,500),(347,4,'2018-07-25','0',75,'ada5c2497cf74a73bc978c3b8c203830',1,1,1,0,0,0,0,75),(348,4,'2018-07-25','0',65,'a28addcf0927428a98cea2ce61dcbb69',1,1,1,0,0,0,35,100),(349,4,'2018-07-25','0',30,'4fe2adbc5c3a4ce2b08ba02edc73b23b',1,1,1,0,0,0,20,50),(350,4,'2018-07-25','0',115,'0435b8d42298484e924b4bd20508e73c',1,1,1,0,0,0,85,200),(351,4,'2018-07-25','0',205,'8da165c83981453c8f444b25edae8290',1,1,1,0,0,0,0,205),(352,4,'2018-07-25','1ce1319c53804081aaea1eeb73c02f9c',132,'78116695048747adb7962ac9dd3219cc',1,1,1,23,0,0,68,200),(353,4,'2018-07-25','1ce1319c53804081aaea1eeb73c02f9c',182,'bf7c39667cf34a6aa66c880c2bff7502',1,1,1,33,0,0,18,200),(354,4,'2018-07-25','0',219,'d95b983d8cf24788a19c6d406a5facc6',1,1,1,0,0,0,1,220),(355,4,'2018-07-25','0',135,'41e2733ec95041d3ad36923d66592d06',1,1,1,0,0,0,65,200),(356,4,'2018-07-25','0',45,'9061ab193580454f880e2d8a6d913cac',1,1,1,0,0,0,5,50),(357,4,'2018-07-25','0',175,'9d12feada4ed46258f2c4d2836a1264d',1,1,1,0,0,0,25,200),(358,4,'2018-07-25','0',161,'1b73c78c7edd499b8eb4639bb216068f',1,1,1,0,0,0,39,200),(359,4,'2018-07-25','0',90,'81b4e880808f48f99f5e59ec2b9edba3',1,1,1,0,0,0,110,200),(360,4,'2018-07-25','0',75,'071dd18fcdf044b0afd3e8bd7110a4f9',1,1,1,0,0,0,5,80),(361,4,'2018-07-25','0',80,'eb546c648a914df18e19dfd742421aae',1,1,1,0,0,0,20,100),(362,4,'2018-07-25','0',35,'14c1313ab7a64b1d8ad7e12c62df707d',1,1,1,0,0,0,65,100),(363,4,'2018-07-25','0',90,'e41557ac0a86477faf011aa3e1965e5f',1,1,1,0,0,0,110,200),(364,4,'2018-07-26','4f383fa3524248fb861f8be15e50c875',223,'3c533bedcac4485ca887c5c78fa3f3d5',1,1,1,17,0,0,277,500),(365,4,'2018-07-26','4f383fa3524248fb861f8be15e50c875',106,'8bda6911365c4488987314af3c8731a9',1,1,1,34,0,0,44,150),(366,4,'2018-07-26','0',92,'b8cded4c37b04c088f400899605f4723',1,1,1,0,0,0,8,100),(367,4,'2018-07-26','0',85,'196d9bbfe7c3434eb599da6610e94f8e',1,1,1,0,0,0,115,200),(368,4,'2018-07-26','0',90,'37d48eeffc2d4140899719071b3e3c22',1,1,1,0,0,0,110,200),(369,4,'2018-07-26','0',35,'940fc212eee3426dbe5637f7fa152ee2',1,1,1,0,0,0,170,205),(370,4,'2018-07-26','0',190,'96a0e22a9ac5408ba312811ee9ca2c24',1,1,1,0,0,0,10,200),(371,4,'2018-07-26','0',90,'1b002b426a8841729c6753044b4275d8',1,1,1,0,0,0,0,90),(372,4,'2018-07-26','0',40,'79cc69ee86894f2f809c12e4d4ba231b',1,1,1,0,0,0,10,50),(373,4,'2018-07-26','0',95,'267c1b02c2cc4c2891355e7d79ffbd52',1,1,1,0,0,0,110,205),(374,4,'2018-07-26','0',175,'b262de21496a4d98b2c82e0513132067',1,1,1,0,0,0,25,200),(375,4,'2018-07-26','0',80,'c9d8e83f1cb3478c93b24f836331213c',1,1,1,0,0,0,20,100),(376,4,'2018-07-26','0',376,'3a320a96c2344b11a4d7e3ecc5444edb',1,1,1,0,0,0,127,503),(377,4,'2018-07-27','0',45,'8aef83c85f2f41e8928e7c395406f164',1,1,1,0,0,0,15,60),(378,4,'2018-07-27','0',40,'6fbc7053370941c4858cd3ebb3f4ba55',1,1,1,0,0,0,10,50),(379,4,'2018-07-27','0',120,'3b1e676e9e0a41258de0a3d95ad15180',1,1,1,0,0,0,380,500),(380,4,'2018-07-27','0',130,'181c38989ad44510bfa8384b99faabe1',1,1,1,0,0,0,20,150),(381,4,'2018-07-27','0',146,'47e1277742c948acb2f21876985e0c6d',1,1,1,0,0,0,54,200),(382,4,'2018-07-27','0',167,'05ac213014a74ccdafa84825d457ba2f',1,1,1,0,0,0,0,167),(383,4,'2018-07-27','0',177,'18b07c4da23e48d9b8f4d609ec31a22f',1,1,1,0,0,0,23,200),(384,4,'2018-07-27','0',260,'bffcdcb96bde4079a072666c3bccf198',1,1,1,0,0,0,0,260),(385,4,'2018-07-27','0',407,'6832be1a396149b1bcd6de937b0beaf0',1,1,1,0,0,0,100,507),(386,4,'2018-07-29','0',45,'8bf6189c556c4b5b9faf08fce73e81ad',1,1,1,0,0,0,0,45),(387,4,'2018-07-29','0',85,'0a0893d889f443b18af204538101cc3f',1,1,1,0,0,0,115,200),(388,4,'2018-07-29','0',91,'93a3a4a1ec92498dbad3dee2b19da5d5',1,1,1,0,0,0,0,91),(389,4,'2018-07-29','0',75,'50da90bc2e2c4867a9da742f940d142c',1,1,1,0,0,0,25,100),(390,4,'2018-07-29','0',53,'198ec0018df646cb98e193f4d97b40b9',1,1,1,0,0,0,2,55),(391,4,'2018-07-29','0',210,'ce19775824cc436aa6ea94b3fe7df5fd',1,1,1,0,0,0,300,510),(392,4,'2018-07-29','0',252,'4654462aa1be4ab9b5544232dd374522',1,1,1,0,0,0,250,502),(393,4,'2018-07-29','0',161,'532c5fc653b64a229c7c4eb346e80228',1,1,1,0,0,0,9,170),(394,4,'2018-07-29','0',190,'b442f537aa594de8a24aa5da694c831d',1,1,1,0,0,0,310,500),(395,4,'2018-07-29','0',45,'a80e7186175047628fea1c4a6322b8ed',1,1,1,0,0,0,5,50),(396,4,'2018-07-29','0',180,'53c411d32f8943ca91298bf63527aeeb',1,1,1,0,0,0,20,200),(397,4,'2018-07-29','0',70,'89fa4843382249c786f3b68ecbe0a0a8',1,1,1,0,0,0,30,100),(398,4,'2018-07-29','0',162,'5845759d7fd644e78e88156eeae68850',1,1,1,0,0,0,338,500),(399,4,'2018-07-29','0',135,'081ad0c41f174efba6c4539c09af3e4b',1,1,1,0,0,0,65,200),(400,4,'2018-07-29','0',146,'73ce2800203045f9bdbdbda4b07b9365',1,1,1,0,0,0,54,200),(401,4,'2018-07-29','0',187,'70509ac9aa8c42e3a65a071e5e5de761',1,1,1,0,0,0,13,200),(402,4,'2018-07-30','0',110,'92951eaad1e84c299bb0354e72096db6',1,1,1,0,0,0,0,110),(403,4,'2018-07-30','0',35,'067ff92918fa418382b9d05dbe51539c',1,1,1,0,0,0,15,50),(404,4,'2018-07-30','0',250,'ea66bb9aa26c4ac59e419f8983cf3e2a',1,1,1,0,0,0,50,300),(405,4,'2018-07-30','0',325,'b1b4a32f275a4c53a11e51235f841e8d',1,1,1,0,0,0,175,500),(406,4,'2018-07-30','0',102,'5836aa7d81a749e5a9628b18fe5b8634',1,1,1,0,0,0,0,102),(407,4,'2018-07-30','0',439,'0c8b270938ee49ffaf599c3308482fa4',1,1,1,0,0,0,61,500),(408,4,'2018-07-30','0',90,'5e6d8cf1e3f846778947a4c009c906fe',1,1,1,0,0,0,410,500),(409,4,'2018-07-30','0',180,'a0d905a64c7343bc8cc40dddecb585e6',1,1,1,0,0,0,20,200),(410,4,'2018-07-30','0',165,'29360d75001a413eabd09db0f3e1e809',1,1,1,0,0,0,35,200),(411,4,'2018-07-30','0',40,'833f5b5d7d624e38b8887c3bb2fb85fa',1,1,1,0,0,0,0,40),(412,4,'2018-07-30','0',125,'a7e925d955ae4992bd3f096cba5683ae',1,1,1,0,0,0,0,125),(413,4,'2018-07-30','0',92,'caf12c3699ba44b58fdf2daf6fe01f16',1,1,1,0,0,0,8,100),(414,4,'2018-07-30','0',170,'40acd33ac96d4046b8cc05c85ee68dd2',1,1,1,0,0,0,30,200),(415,4,'2018-07-30','0',205,'fb062a22baf347d88f385c5c392586c5',1,1,1,0,0,0,0,205),(416,4,'2018-07-30','0',315,'3afa6b5ce48b434da36de827645d7990',1,1,1,0,0,0,35,350),(417,4,'2018-07-30','0',45,'45efdf4a090748b9a8e3e2c2a6d19f2c',1,1,1,0,0,0,0,45),(418,4,'2018-07-30','0',160,'c3f028ef54424bda82acd02229a822a2',1,1,1,0,0,0,340,500),(419,4,'2018-07-30','0',90,'7826fd3ec14a4fc2903bcfb83e339111',1,1,1,0,0,0,110,200),(420,4,'2018-07-30','e9b2bf77328c4cee9568e7ff93bcc277',35,'563d5e444ed74591960024cae8e736be',1,1,1,15,0,0,65,100),(421,4,'2018-07-30','0',77,'acbd4953893343d88c950f043f0834d5',1,1,1,0,0,0,123,200),(422,4,'2018-07-30','0',135,'0ef2ed6d3abd4470a7f90bfc0d391ba7',1,1,1,0,0,0,70,205),(423,4,'2018-07-30','0',180,'b88af97503394e78b69a0dab06495e67',1,1,1,0,0,0,320,500),(424,4,'2018-07-31','0',200,'89d290a129af41feaa43521074df681b',1,1,1,0,0,0,0,200),(425,4,'2018-07-31','0',175,'fc70685357e645a080cf9aaa5f1777d2',1,1,1,0,0,0,0,175),(426,4,'2018-07-31','fdf674235a0048e7bc561132bf7110f0',128,'40dcd253351944589660afa27b6a1890',1,1,1,22,0,0,22,150),(427,4,'2018-07-31','0',132,'2b6803d52b9e4013a5e35f4164f71999',1,1,1,0,0,0,68,200),(428,4,'2018-07-31','1ce1319c53804081aaea1eeb73c02f9c',110,'071353aeef074a8c9a24d94594e99b56',1,1,1,20,0,0,0,110),(429,4,'2018-07-31','0',80,'27ffee1657d94efea08e0d0ccefadece',1,1,1,0,0,0,120,200),(430,4,'2018-07-31','0',40,'588e10b326d04697bede597eb0d287d6',1,1,1,0,0,0,0,40),(431,4,'2018-07-31','0',28,'7d20cd170a454a9b8357bdfa07898283',1,1,1,0,12,0,2,30),(432,4,'2018-07-31','0',67,'75299f5b985c4ee9a7159607ff62f2bd',1,1,1,0,0,0,150,217),(433,4,'2018-07-31','0',215,'33b25307b0fd48a7b0b62022a62f289a',1,1,1,0,0,0,305,520),(434,4,'2018-07-31','0',70,'7a444c974ce64c8d912a313c1097e469',1,1,1,0,0,0,30,100),(435,4,'2018-07-31','0',45,'0e0cd528731f46d38396465f8885ed6e',1,1,1,0,0,0,0,45),(436,4,'2018-07-31','fdf674235a0048e7bc561132bf7110f0',174,'9de65b33ec4d4b8bb0d7ab9bf35d85be',1,1,1,17,0,0,26,200),(437,4,'2018-07-31','0',96,'896c86c6c375456588d21ddce1e0ea92',1,1,1,0,0,0,4,100),(438,4,'2018-08-01','0',50,'e03683c5b6ac4f8b8e6b7828af2ccc28',1,1,1,0,0,0,0,50),(439,4,'2018-08-01','0',124,'1419de78e26e4f9ebbae266a0c8cb4e2',1,1,1,0,0,0,26,150),(440,4,'2018-08-01','70d2e51ca5aa460fadf7d8c80fdd2fee',130,'af2368f0fc1a4033b8432a331a705f8a',1,1,1,35,70,0,70,200),(441,4,'2018-08-01','0',174,'7f4987ddc6e046e9bb77c7b65ba8059c',1,1,1,0,0,0,326,500),(442,4,'2018-08-01','0',27,'caf7332ee65c4209b14e2015524d6186',1,1,1,0,0,0,3,30),(443,4,'2018-08-01','0',0,'4c11222e4aa249909e4d1da7925f5b4d',1,1,1,0,35,0,0,0),(444,4,'2018-08-01','0',145,'ec81fb6db2094f1e8fd48cce53aa6082',1,1,1,0,0,0,55,200),(445,4,'2018-08-01','0',80,'da4b6fd5c4cd4187861d3eb1e8aad198',1,1,1,0,0,0,20,100),(446,4,'2018-08-01','0',132,'00f3536f98b54253ac606f43d04da46a',1,1,1,0,0,0,68,200),(447,4,'2018-08-01','0',35,'5ee54128f4964af6a10e3ad2dd2b543e',1,1,1,0,0,0,65,100),(448,4,'2018-08-01','0',82,'7c55a774d4e54145afe02cae8b47206b',1,1,1,0,0,0,18,100),(449,4,'2018-08-01','0',45,'18085eeb0ae94dde93962b76ffda88bc',1,1,1,0,0,0,55,100),(450,4,'2018-08-01','0',170,'0d1b15f6000d4a94aef76493b0b9d211',1,1,1,0,0,0,30,200),(451,4,'2018-08-01','0',125,'e3debc952c2e435da96dc02264a40c65',1,1,1,0,0,0,375,500),(452,4,'2018-08-01','0',265,'89ba7a2d3e304e99b7fdde6e3c19df90',1,1,1,0,0,0,35,300),(453,4,'2018-08-01','0',130,'9571a5da071643fd93a0abfda7ecf5fa',1,1,1,0,0,0,70,200),(454,4,'2018-08-01','0',90,'4e49ca7f27da4fab8c7cfa04d9b488c8',1,1,1,0,0,0,410,500),(455,4,'2018-08-01','0',80,'828eb25a8e964120976af4eba05124d2',1,1,1,0,0,0,120,200),(456,4,'2018-08-01','0',277,'b5c48bd0484e49fbbeaba2dad45e8728',1,1,1,0,0,0,123,400),(457,4,'2018-08-02','0',75,'2b24c447176d4edc87e6073ba831ff53',1,1,1,0,0,0,125,200),(458,4,'2018-08-02','0',0,'5ec8dbff187344c3bbef6bc86228c18c',1,1,1,0,0,0,200,200),(459,4,'2018-08-02','0',90,'b7ddc0ab373e45e882e6a4927795cc66',1,1,1,0,0,0,10,100),(460,4,'2018-08-02','4f383fa3524248fb861f8be15e50c875',53,'8fc726835db1424c95ee93c1dae86dec',1,1,1,17,0,0,47,100),(461,4,'2018-08-02','0',90,'d0f4142a6b90471ea62561f4a4218b89',1,1,1,0,0,0,10,100),(462,4,'2018-08-02','0',48,'8359c7e04c1b42e698d6d46707fa2cd9',1,1,1,0,0,0,152,200),(463,4,'2018-08-02','0',126,'96f1cfb8f4e842aaa3b6daebe669c485',1,1,1,0,0,0,24,150),(464,4,'2018-08-02','0',160,'ac7da4e169244b9e9a0fc8f59141e0a0',1,1,1,0,0,0,40,200),(465,4,'2018-08-02','4f383fa3524248fb861f8be15e50c875',53,'c3a9c419bb5c4230b1c9e750d35457ab',1,1,1,17,0,0,2,55),(466,4,'2018-08-02','0',242,'76e177cd3fc94cccbb3a6721e47a4a6f',1,1,1,0,0,0,258,500),(467,4,'2018-08-02','0',80,'928d45cbae7742fdac21f6050dd16b36',1,1,1,0,0,0,420,500),(468,4,'2018-08-02','0',80,'82223f2da23b47f6a6b50ee9e030ccff',1,1,1,0,0,0,20,100),(469,4,'2018-08-02','4f383fa3524248fb861f8be15e50c875',103,'69ccc8df3b424a63a422325c2c9a41cc',1,1,1,17,0,0,110,213),(470,4,'2018-08-02','0',115,'1fcf0df3b0554e9a8043c934db9b68ea',1,1,1,0,0,0,0,115),(471,4,'2018-08-03','0',45,'3140ecc10bf547388aaf605a812c1b2f',1,1,1,0,0,0,5,50),(472,4,'2018-08-03','0',35,'c26d3f5a26c04e0a9e396c4f6758afa3',1,1,1,0,0,0,65,100),(473,4,'2018-08-03','0',70,'991ded03bccb4b7186c4cf01bfbde70d',1,1,1,0,0,0,130,200),(474,4,'2018-08-03','0',240,'7580b80bc7fe49a1ae42076e1623b3af',1,1,1,0,0,0,60,300),(475,4,'2018-08-03','0',156,'9109bf455cf84493aa6ba62be0424ed8',1,1,1,0,0,0,44,200),(476,4,'2018-08-03','0',159,'341b7397d55e4603a7558c278a836ff1',1,1,1,0,0,0,41,200),(477,4,'2018-08-03','1ce1319c53804081aaea1eeb73c02f9c',135,'71b55272220b4b7bb34960a6bcda398f',1,1,1,24,0,0,65,200),(478,4,'2018-08-03','0',50,'92de6ae2c07845fd9370ada215e065f8',1,1,1,0,0,0,50,100),(479,4,'2018-08-03','0',94,'c4becb0362894764bcbe99619e5b562b',1,1,1,0,0,0,6,100),(480,4,'2018-08-03','0',154,'54a8eda8759c4a04a873d743315c4152',1,1,1,0,0,0,46,200),(481,4,'2018-08-03','0',419,'8e482d588d0c4449a9d9486b0fa2ddce',1,1,1,0,0,0,101,520),(482,4,'2018-08-03','0',92,'dd64b0e58a8f47ed86b94defed6a128c',1,1,1,0,0,0,8,100),(483,4,'2018-08-03','0',215,'911f5992427840ac848a48cfd23460a1',1,1,1,0,0,0,0,215),(484,4,'2018-08-03','0',466,'7d159ad231174a4caf492c1a8c1e843a',1,1,1,0,0,0,0,466),(485,4,'2018-08-03','0',125,'2257311c8ec14d7399ce77c2907415ea',1,1,1,0,0,0,75,200),(486,4,'2018-08-05','0',130,'90981c69f2394e67a0aa3e6ea46bc471',1,1,1,0,0,0,10,140),(487,4,'2018-08-05','0',103,'7cb8fcce2f464f1eae08bd69f20feb8d',1,1,1,0,0,0,0,103),(488,4,'2018-08-05','0',90,'f6bb16788265432d9e1555045998c5ba',1,1,1,0,0,0,10,100),(489,4,'2018-08-05','0',174,'08fbd61f6c974de284771fba10fb491b',1,1,1,0,0,0,26,200),(490,4,'2018-08-05','0',320,'dcebaba3220a4620a8604a36c418479f',1,1,1,0,0,0,30,350),(491,4,'2018-08-05','0',72,'8929e348b63545e0994259ccaeb68bad',1,1,1,0,0,0,0,72),(492,4,'2018-08-05','0',40,'8f77b6bf3142402884df29b5dee60f9d',1,1,1,0,0,0,0,40),(493,4,'2018-08-05','0',178,'5dd236fc52f74b8e94274490cdca3b88',1,1,1,0,0,0,2,180),(494,4,'2018-08-05','0',285,'862de5805aa74438aa8d1b335b477dca',1,1,1,0,0,0,215,500),(495,4,'2018-08-05','0',135,'d1c2639e3483466a9c4ce694b9cb01ac',1,1,1,0,0,0,65,200),(496,4,'2018-08-05','0',160,'5b55a7d822d4445cbbc01d40b697b27e',1,1,1,0,0,0,40,200),(497,4,'2018-08-06','0',90,'0b31f71ba413428f852c084ebce89bc8',1,1,1,0,0,0,10,100),(498,4,'2018-08-06','0',165,'0e116a208bbd448e8540e2d59f45bd8d',1,1,1,0,0,0,35,200),(499,4,'2018-08-06','0',0,'404591b164174da3ba6841d9384dde0b',1,1,1,0,52,0,0,0),(500,4,'2018-08-06','0',74,'a8e7d00718424ed98123cf2af791e5fb',1,1,1,0,0,0,26,100),(501,4,'2018-08-06','e9b2bf77328c4cee9568e7ff93bcc277',350,'8139ff2f1ac84ee5ac2c535bb13c3093',1,1,1,148,0,0,100,450),(502,4,'2018-08-06','0',80,'b4c68a0d65254d8080ff0442a2408374',1,1,1,0,0,0,20,100),(503,4,'2018-08-06','0',400,'f94efa9960a44c16b1079462ea508c94',1,1,1,0,0,0,100,500),(504,4,'2018-08-06','0',146,'59a853d0d2504e478f9afa9632113e63',1,1,1,0,0,0,354,500),(505,4,'2018-08-06','e9b2bf77328c4cee9568e7ff93bcc277',60,'ec9648c0970846caa2ab9a999c2680b0',1,1,1,25,0,0,150,210),(506,4,'2018-08-06','0',145,'19e167ff2f98435ca7aaca1111b7bf28',1,1,1,0,0,0,55,200),(507,4,'2018-08-06','0',60,'7422ecfeddc74e879e591edf3432eaff',1,1,1,0,0,0,440,500),(508,4,'2018-08-06','0',192,'c304e860f5554069aa6ab1d8d31fe41a',1,1,1,0,0,0,8,200),(509,4,'2018-08-07','0',44,'53bb39f0b51e4d8da743964f84c00a9c',1,1,1,0,0,0,6,50),(510,4,'2018-08-07','0',80,'ff0dfbc124cc44268a43c80dd6cf8345',1,1,1,0,0,0,20,100),(511,4,'2018-08-07','0',75,'2bd7190051f14fe38463edd6f6ed941f',1,1,1,0,0,0,0,75),(512,4,'2018-08-07','0',45,'5527e64aa3d045afb5124a0b908c6b75',1,1,1,0,0,0,0,45),(513,4,'2018-08-07','0',75,'fd15ed55221d407682dd457c31b0b8fc',1,1,1,0,0,0,425,500),(514,4,'2018-08-07','fdf674235a0048e7bc561132bf7110f0',162,'6e2e3d0d34b345c9b5c18acea8596b5a',1,1,1,44,0,0,38,200),(515,4,'2018-08-07','0',55,'1c6958ebd72741f08a20c3d85bf52f13',1,1,1,0,0,0,45,100),(516,4,'2018-08-07','0',250,'89e2c563fae743dfae82071e4d1e0372',1,1,1,0,0,0,0,250),(517,4,'2018-08-07','fdf674235a0048e7bc561132bf7110f0',150,'b6929986b957461a8efa14aab746c95f',1,1,1,20,0,0,0,150),(518,4,'2018-08-07','0',332,'8749b004598a487096fb533d2412fcbf',1,1,1,0,0,0,168,500),(519,4,'2018-08-07','0',45,'d83853cab33b4f09abe0e808810d170b',1,1,1,0,0,0,0,45),(520,6,'2018-08-08','0',115,'9a5ece39c4574b4d9403361bcd1d0570',1,1,0,0,0,0,85,200),(521,6,'2018-08-08','0',44,'c34baf69e6094ff9aa08526c3c028fac',1,1,0,0,0,0,1,45),(522,4,'2018-08-08','0',44,'a49ffe7d47f845cebe74a52692b0c85c',1,1,1,0,0,0,1,45),(523,4,'2018-08-08','0',115,'1fcb88c44404402da4f3ff3881a98746',1,1,1,0,0,0,85,200),(524,4,'2018-08-08','0',45,'946a881fcdb1440790dff83dac1212fa',1,1,1,0,0,0,0,45),(525,4,'2018-08-08','0',144,'fdcd90f8eab44beeb0dacc147e9f100d',1,1,1,0,0,0,56,200),(526,4,'2018-08-08','0',292,'8cd7a8d307ea443b8a2757fdda56ab00',1,1,1,0,0,0,8,300),(527,4,'2018-08-08','0',99,'bb94473b84ea45cfa3bfe4ecd1e47b1f',1,1,1,0,0,0,1,100),(528,4,'2018-08-08','0',148,'0f6555a413334e148bd407a323e793d3',1,1,1,0,0,0,52,200),(529,4,'2018-08-08','0',302,'336c935a406f4128b12ecca21d0e91bc',1,1,1,0,0,0,0,302),(530,4,'2018-08-08','0',135,'9e63310dd21a4cb3aec93494ff95567f',1,1,1,0,0,0,65,200),(531,4,'2018-08-08','0',150,'ecd1b62da90f43338348063b3c768343',1,1,1,0,0,0,0,150),(532,4,'2018-08-08','0',165,'9183f58b877541d18aec7906b005ae45',1,1,1,0,0,0,35,200),(533,4,'2018-08-08','0',159,'01c2d69d1ae348ef97934333d90672eb',1,1,1,0,0,0,41,200),(534,4,'2018-08-08','0',155,'ffeafd9f34174253b6caf8899334f04e',1,1,1,0,0,0,350,505),(535,4,'2018-08-08','0',75,'c9dd539f1e894a8584055ba3eee8d06c',1,1,1,0,0,0,125,200),(536,4,'2018-08-08','0',110,'ed89f149c2ef457d98b81a9f8568a107',1,1,1,0,0,0,10,120),(537,4,'2018-08-08','0',156,'83cf2ecf03f74e74a5494be9e0996dad',1,1,1,0,0,0,14,170),(538,4,'2018-08-09','0',150,'db69a5fd02a1410d93d30f088cbc80d2',1,1,1,0,0,0,0,150),(539,4,'2018-08-09','4f383fa3524248fb861f8be15e50c875',383,'f819f32a168842978830651103e932d9',1,1,1,17,0,0,17,400),(540,4,'2018-08-09','0',218,'32447fbae4214530abbf762b0ee330e0',1,1,1,0,0,0,2,220),(541,4,'2018-08-09','0',40,'bc0905cfa7c446f19a6ea776ac7e7a86',1,1,1,0,0,0,60,100),(542,4,'2018-08-09','0',147,'e07ae42220b747ac8e117feeaa1560af',1,1,1,0,0,0,353,500),(543,4,'2018-08-09','0',45,'c040677adf89463d9aa815bf10350286',1,1,1,0,0,0,5,50),(544,4,'2018-08-09','0',50,'e7f2d05d334c4f5b925db521eb3ee050',1,1,1,0,0,0,0,50),(545,4,'2018-08-09','0',80,'42ef541c8420459fbc2aab2646ab4e28',1,1,1,0,0,0,0,80),(546,4,'2018-08-09','0',359,'a459daa47c9947a2a9e7415a42a2973f',1,1,1,0,0,0,141,500),(547,4,'2018-08-10','0',70,'387a1dd4c87c4907ae2450084bc40050',1,1,1,0,0,0,0,70),(548,4,'2018-08-10','0',140,'08869890dca04a06aca519fd99b5b451',1,1,1,0,0,0,60,200),(549,4,'2018-08-10','0',45,'a16476a016384baab83861d34fe9c941',1,1,1,0,0,0,5,50),(550,4,'2018-08-10','0',45,'d7091697eb9b48aa9e75356e5ed2f977',1,1,1,0,0,0,55,100),(551,4,'2018-08-10','0',90,'a94b4f6e1c5d4f9cb46be3610647ae28',1,1,1,0,0,0,110,200),(552,4,'2018-08-10','0',272,'34b438704d004210a9e89d777e13597c',1,1,1,0,0,0,3,275),(553,4,'2018-08-10','0',80,'6dc422e89cd04ff0bb9e1cbb8df0c998',1,1,1,0,0,0,120,200),(554,4,'2018-08-10','0',50,'d1d124dd3f464715bcd6a92fa001e80e',1,1,1,0,0,0,150,200),(555,4,'2018-08-10','0',120,'ddfae6681a5d4d05b6543c07498493eb',1,1,1,0,0,0,0,120),(556,4,'2018-08-10','0',170,'2c9a62196490413f9aa614687c405bb8',1,1,1,0,0,0,30,200),(557,4,'2018-08-10','0',160,'6cdd4c79a16a4a7d86be62b98686f612',1,1,1,0,0,0,0,160),(558,4,'2018-08-10','0',90,'c64b01a151ba40d59accd7a57a9508c0',1,1,1,0,0,0,10,100),(559,4,'2018-08-10','0',145,'ea35604d89c54c8e98b2cea8b53553eb',1,1,1,0,0,0,5,150),(560,4,'2018-08-10','0',157,'c0b9ff4b6f54496d953e48f4db070c04',1,1,1,0,0,0,43,200),(561,4,'2018-08-10','0',127,'c8084709223648acb609f42e5a49362f',1,1,1,0,0,0,0,127),(562,4,'2018-08-10','0',80,'e69818f5cb5645e3a4603d1883c3c18f',1,1,1,0,0,0,20,100),(563,4,'2018-08-10','0',140,'5a661c4c31f34ef3968195827262fe38',1,1,1,0,0,0,60,200),(564,4,'2018-08-10','0',125,'bf801c1c094d42e8821b264b435c70ee',1,1,1,0,0,0,75,200),(565,4,'2018-08-10','0',105,'f0b075a8efb14ade9182b728f37af986',1,1,1,0,0,0,100,205),(566,4,'2018-08-10','0',245,'733f36f0dd5a45a98fcef24967181f2a',1,1,1,0,0,0,5,250),(567,4,'2018-08-12','0',170,'637d40a8592947a7b36fcd89d51603f3',1,1,1,0,0,0,0,170),(568,4,'2018-08-12','0',85,'f2d3aff7ccb442238ba2235b1d8d0cb0',1,1,1,0,0,0,15,100),(569,4,'2018-08-12','0',304,'eb8ec74ed18e4026930ee760024060dd',1,1,1,0,0,0,206,510),(570,4,'2018-08-12','0',192,'279b9e1e0c864367b64fce1c528d40bc',1,1,1,0,0,0,308,500),(571,4,'2018-08-12','0',85,'982b6605e119426084a75bfedf88f13c',1,1,1,0,0,0,115,200),(572,4,'2018-08-12','0',172,'54b7b8250a0445ac869a95d9f8918421',1,1,1,0,0,0,8,180),(573,4,'2018-08-12','0',356,'c37bd88e10b34c6a8273e6890bacea87',1,1,1,0,0,0,0,356),(574,4,'2018-08-12','0',132,'06f4ff74b53b44c88be44b009517b84f',1,1,1,0,0,0,68,200),(575,4,'2018-08-12','0',225,'0a28e1fa7a834bc18ed1da1356cb1ec4',1,1,1,0,0,0,15,240),(576,4,'2018-08-20','0',120,'e183dd1567ff491998bc494ff4bfa38c',1,1,1,0,0,0,80,200),(577,4,'2018-08-20','0',140,'b538d6f03f9846ba84d5cd08d2e5fc01',1,1,1,0,0,0,10,150),(578,4,'2018-08-20','0',257,'ab661f22eebc4babbdf21f26d4ffa878',1,1,1,0,0,0,43,300),(579,4,'2018-08-20','0',222,'c638a35e88634a38ac2009721dc44368',1,1,1,0,0,0,28,250),(580,4,'2018-08-20','0',255,'a35c8ef023104da8bb73178956a11daf',1,1,1,0,0,0,45,300),(581,4,'2018-08-20','0',210,'d595622d19a54c8faed245fa99e037a6',1,1,1,0,0,0,0,210),(582,4,'2018-08-20','0',185,'53814972a59640a4bb5165ee24b507d7',1,1,1,0,0,0,15,200),(583,4,'2018-08-20','0',467,'82abe3ab8ca4456cbc70568734581dbd',1,1,1,0,0,0,33,500),(584,4,'2018-08-20','0',210,'6433fadae3514376b675667faadf557a',1,1,1,0,0,0,0,210),(585,4,'2018-08-20','0',199,'f831675a91cd458e832d52a234fc29f4',1,1,1,0,0,0,301,500),(586,4,'2018-08-20','0',215,'b56667c39c4a4f829083e6745c85dc8c',1,1,1,0,0,0,0,215),(587,4,'2018-08-20','0',195,'e1697fc8cb234b82abb0b807b2668881',1,1,1,0,0,0,5,200),(588,4,'2018-08-20','0',180,'5f926e562bac4919a07554b76c849e7e',1,1,1,0,0,0,20,200),(589,4,'2018-08-20','0',232,'201df3e9d4d84fbf9d11152dac7880b8',1,1,1,0,0,0,268,500),(590,4,'2018-08-20','0',139,'d6b679b7f9754b88858e2c89879d0366',1,1,1,0,0,0,61,200),(591,4,'2018-08-20','0',85,'3b766b611f5a4eb2a60131b1e8c77077',1,1,1,0,0,0,115,200),(592,4,'2018-08-20','0',0,'c01d83ba536c4174939a03d6968af718',1,1,1,0,30,0,0,0),(593,4,'2018-08-20','0',265,'f9b9ef387d4443b79c812b18451e2976',1,1,1,0,0,0,235,500),(594,4,'2018-08-21','0',45,'e8ddcabba240410bb25b4c0c1c2b1369',1,1,1,0,0,0,0,45),(595,4,'2018-08-21','0',75,'b299e86d80d94d8da0021146d1734d02',1,1,1,0,0,0,5,80),(596,4,'2018-08-21','0',180,'0188422c66534857bc68aca70adf261a',1,1,1,0,0,0,20,200),(597,4,'2018-08-21','0',57,'1911d04e1f844b57bec6f46d53373db8',1,1,1,0,0,0,0,57),(598,4,'2018-08-21','0',82,'dca9d59f3e0540b594e3737d4b289479',1,1,1,0,0,0,418,500),(599,4,'2018-08-21','0',100,'7797e0bb78b24bf399250e935a840e79',1,1,1,0,0,0,0,100),(600,4,'2018-08-21','0',165,'0a57acd17c874d5d9e96d8614398e61e',1,1,1,0,0,0,35,200),(601,4,'2018-08-21','0',110,'b661775bb434479db34e32c81a23c74a',1,1,1,0,0,0,0,110),(602,4,'2018-08-21','0',55,'992c29773bd84c12baa39db7cfa08390',1,1,1,0,0,0,0,55),(603,4,'2018-08-21','0',147,'14c2b332fc6c4a4f9960ac707f621691',1,1,1,0,0,0,53,200),(604,4,'2018-08-21','0',152,'beef4f11637f4a7ea70dac7ea113d503',1,1,1,0,0,0,0,152),(605,4,'2018-08-21','0',55,'68d70a5779f24d239edaeb1bde625cc8',1,1,1,0,0,0,5,60),(606,4,'2018-08-21','0',337,'6252a7b309cc4342be728fb0b95f090b',1,1,1,0,0,0,13,350),(607,4,'2018-08-21','0',282,'2fef129736964f9688c219c07d2e0105',1,1,1,0,0,0,8,290),(608,4,'2018-08-22','e9b2bf77328c4cee9568e7ff93bcc277',140,'f27cabbdd4054f65823dd6fc86ceec51',1,1,1,35,0,0,0,140),(609,4,'2018-08-22','0',60,'79ac495d7aa84582ab517469ce586808',1,1,1,0,0,0,440,500),(610,4,'2018-08-22','0',167,'c58d638223eb4565b42518bd10c6709f',1,1,1,0,0,0,33,200),(611,4,'2018-08-22','0',50,'35c2cf57c9784889b5e8ce3c2b17e71c',1,1,1,0,0,0,0,50),(612,4,'2018-08-22','0',45,'c756928f163b4045851a80171dad0bbd',1,1,1,0,0,0,155,200),(613,4,'2018-08-22','1ce1319c53804081aaea1eeb73c02f9c',98,'59b3f64c866e4af1ba053ce89ca58eed',1,1,1,17,0,0,2,100),(614,4,'2018-08-22','0',100,'95d9a321ea0d4461803addbd3df87192',1,1,1,0,0,0,0,100),(615,4,'2018-08-22','0',70,'078f2a28823b4061b75d6a134ead0214',1,1,1,0,0,0,130,200),(616,4,'2018-08-22','0',110,'fd987941c81d4706bbffdb8ae1018a74',1,1,1,0,0,0,10,120),(617,4,'2018-08-22','0',70,'7c9a9db331ea4bf9b5e402ec9585dbdb',1,1,1,0,0,0,0,70),(618,4,'2018-08-22','0',55,'2d5954c35e684903b0889277db70e72f',1,1,1,0,0,0,15,70),(619,4,'2018-08-22','0',175,'e16b368bcf414753b2f2761137de3373',1,1,1,0,0,0,325,500),(620,4,'2018-08-22','0',160,'2e7cbfe3f0c0490792668b1f557c5bce',1,1,1,0,0,0,340,500),(621,4,'2018-08-22','0',55,'172c653c36924474b60f65a4edc53b16',1,1,1,0,0,0,5,60),(622,4,'2018-08-22','0',105,'919dd86fe7b34b578d19bf162b4b39d2',1,1,1,0,0,0,100,205),(623,4,'2018-08-22','0',160,'65fbf9d1ddd347989514b02471e58dea',1,1,1,0,0,0,40,200),(624,4,'2018-08-22','0',100,'4a14b08412104871af93f77059d58985',1,1,1,0,0,0,0,100),(625,4,'2018-08-22','0',307,'ec1c6beb75334f81aa9f4b77b0784417',1,1,1,0,0,0,100,407),(626,4,'2018-08-23','0',145,'09dc7267c09746099d92a5c2710a1258',1,1,1,0,0,0,55,200),(627,4,'2018-08-23','0',115,'1c16e0356c5140869e9565ca347c4c10',1,1,1,0,0,0,35,150),(628,4,'2018-08-23','0',55,'4938378b46cb46ec898c2e9705203fd1',1,1,1,0,0,0,45,100),(629,4,'2018-08-23','0',315,'06b6a4e4f84448bf883cf9e98c324b0a',1,1,1,0,0,0,200,515),(630,4,'2018-08-23','0',30,'ff09e7b3596c40488400790c53ab08e2',1,1,1,0,15,0,0,30),(631,4,'2018-08-23','0',100,'83bcbc88e959484ba098728c94ce832d',1,1,1,0,0,0,0,100),(632,4,'2018-08-23','0',90,'a8dfcd4ed5224f319b0ce1bde5e33864',1,1,1,0,0,0,10,100),(633,4,'2018-08-23','0',25,'382faaa66bfe407cacf07db9a33943f6',1,1,1,0,0,0,0,25),(634,4,'2018-08-23','0',145,'2cf00eaf087a422285d22ab0f75a3b4a',1,1,1,0,0,0,355,500),(635,4,'2018-08-23','0',195,'fdab2cfd85ed492eb6057574cdffb9aa',1,1,1,0,0,0,5,200),(636,4,'2018-08-23','0',165,'d0c2cc318d5447ff96673a946b163467',1,1,1,0,0,0,35,200),(637,4,'2018-08-23','0',210,'0e1fd4818ef5464a882a3bd8deabad92',1,1,1,0,0,0,290,500),(638,4,'2018-08-23','0',120,'33776484076c4720b77fa47d89b4b168',1,1,1,0,0,0,30,150),(639,4,'2018-08-23','0',310,'2606c3f1402948e19291ea94db1895a4',1,1,1,0,0,0,0,310),(640,4,'2018-08-23','0',200,'9badfa3aa60740bc9929b2dad4969715',1,1,1,0,0,0,300,500),(641,4,'2018-08-23','0',202,'f2f6c259e5ad496180ba35096c98ba34',1,1,1,0,0,0,3,205),(642,4,'2018-08-24','e9b2bf77328c4cee9568e7ff93bcc277',44,'d9890d60ff814ba2b815d954df6bd079',1,1,1,11,0,0,56,100),(643,4,'2018-08-24','e9b2bf77328c4cee9568e7ff93bcc277',48,'a5f83d5f9d624c34869ef724e8fb307b',1,1,1,12,0,0,2,50),(644,4,'2018-08-24','e9b2bf77328c4cee9568e7ff93bcc277',80,'d99c7ece2841466ab1550fa34b98ac06',1,1,1,20,0,0,20,100),(645,4,'2018-08-24','e9b2bf77328c4cee9568e7ff93bcc277',44,'a1863ebc0cb84430ac3e06094a19a28b',1,1,1,11,0,0,1,45),(646,4,'2018-08-24','0',0,'7280ff6f35b84602afb538436a2b6839',1,1,1,0,55,0,0,0),(647,4,'2018-08-24','0',100,'ab6460ced06843cdb83257d53d5fff43',1,1,1,0,0,0,0,100),(648,4,'2018-08-24','0',50,'05c588479e064adc9aa6bcd84d4291ad',1,1,1,0,0,0,0,50),(649,4,'2018-08-24','0',100,'61c2a6adc96940729b67357742ec7111',1,1,1,0,0,0,100,200),(650,4,'2018-08-24','0',175,'746e526057a248bbb503a3e149650c2c',1,1,1,0,0,0,25,200),(651,4,'2018-08-24','0',80,'9a7a0ec85a194f349d4b28754556069e',1,1,1,0,0,0,20,100),(652,4,'2018-08-24','0',95,'722d161502dc48a4ab6298501a0eb70a',1,1,1,0,0,0,105,200),(653,4,'2018-08-24','0',290,'5574abc782694c129bb5f38e2320f80a',1,1,1,0,0,0,10,300),(654,4,'2018-08-24','0',190,'98614b4560f74655a18eb3bed49cdac4',1,1,1,0,0,0,10,200),(655,4,'2018-08-24','0',110,'7fba5b6bf68b413780b465a28c7cd574',1,1,1,0,0,0,100,210),(656,4,'2018-08-24','0',225,'afae611f61a3471db28409bc281053f4',1,1,1,0,0,0,275,500),(657,4,'2018-08-24','0',202,'aa8b2134f99848e1be76ac502a4701f2',1,1,1,0,0,0,3,205),(658,4,'2018-08-24','0',105,'5fed908e48b7428b9f0c605dd55c7de3',1,1,1,0,0,0,0,105),(659,4,'2018-08-24','0',62,'486840f393534bbfbb7ff16596326920',1,1,1,0,0,0,8,70),(660,4,'2018-08-26','0',57,'59f53705d458470fb5c17c45636fb16d',1,1,1,0,0,0,13,70),(661,4,'2018-08-26','0',100,'87b83a0b86a04e5ca5644c8eceea3c33',1,1,1,0,0,0,100,200),(662,4,'2018-08-26','0',235,'0b827e3e7097471ba65ef350fdd98dbe',1,1,1,0,0,0,165,400),(663,4,'2018-08-26','0',155,'670f74387c01429caa6ad2b494670506',1,1,1,0,0,0,45,200),(664,4,'2018-08-26','0',95,'ef075945df0146c7949c0b04e80453d3',1,1,1,0,0,0,5,100),(665,4,'2018-08-26','0',112,'ceffa763cafc4d109d0075c384954b8a',1,1,1,0,0,0,88,200),(666,4,'2018-08-26','0',90,'856a8901e50e471cb15c278b3e4ecaba',1,1,1,0,0,0,110,200),(667,4,'2018-08-26','0',225,'77040f1fe0e74df3bff5fba26f84e6db',1,1,1,0,0,0,75,300),(668,4,'2018-08-26','0',250,'e8c53d8575a8430483fc99a80528c998',1,1,1,0,0,0,50,300),(669,4,'2018-08-26','0',12,'ff2e2b8ac08a4afda4c5702b4e7df149',1,1,1,0,0,0,38,50),(670,4,'2018-08-26','0',240,'30a3ce8b78d64948a5623aaea3b2dc6f',1,1,1,0,0,0,260,500),(671,4,'2018-08-26','0',170,'3731e3870f0d4af3b478ce4d1e073305',1,1,1,0,0,0,30,200),(672,4,'2018-08-26','0',35,'f9295b698ad049deaaa5ed28564bc466',1,1,1,0,0,0,0,35),(673,4,'2018-08-26','0',100,'117751efdae94f66beecd829c4352202',1,1,1,0,0,0,0,100),(674,4,'2018-08-26','0',50,'8536c88321db41c7b53c1341519038d2',1,1,1,0,0,0,0,50),(675,4,'2018-08-26','0',402,'cd05e0c438e64ce488dbcc946ed69cab',1,1,1,0,0,0,98,500),(676,4,'2018-08-27','0',330,'0edda83c65a3473889a7c6227b551bdb',1,1,1,0,0,0,170,500),(677,4,'2018-08-27','0',60,'3ab1f0d53ad24341a02033bc86984c4c',1,1,1,0,0,0,40,100),(678,4,'2018-08-27','0',235,'fe37e44c18734b14858e47ca43e4f1df',1,1,1,0,0,0,15,250),(679,4,'2018-08-27','0',30,'88e4ee78bc9740589e35848c7585a55c',1,1,1,0,0,0,20,50),(680,4,'2018-08-27','0',105,'f125fdd064ff4cb2b2ab72ccc5c8c0bc',1,1,1,0,0,0,400,505),(681,4,'2018-08-27','e9b2bf77328c4cee9568e7ff93bcc277',74,'53d1b948cac042ba8fea36aa1b74a5b0',1,1,1,31,0,0,1,75),(682,4,'2018-08-27','0',60,'faabbbe008424013b1f7d3c1daf7ee11',1,1,1,0,0,0,40,100),(683,4,'2018-08-27','0',310,'44fcc7988cf544d7a2b341b320685bf9',1,1,1,0,0,0,190,500),(684,4,'2018-08-27','0',134,'829f1c0054cf4570b63a3730d37676b6',1,1,1,0,0,0,16,150),(685,4,'2018-08-28','0',120,'887e0487b9694053966a3347181ecf92',1,1,1,0,0,0,80,200),(686,4,'2018-08-28','0',72,'519e778606ff4c8a9cb74f51ba1d3d31',1,1,1,0,0,0,0,72),(687,4,'2018-08-28','0',50,'a1a19622d39b4c7080e6f796b9874466',1,1,1,0,0,0,50,100),(688,4,'2018-08-28','0',150,'1048948e7d2640bc8e9707c0f436fe68',1,1,1,0,0,0,0,150),(689,4,'2018-08-28','0',55,'6c6d6009fe1a485ab001729b742423ae',1,1,1,0,0,0,15,70),(690,4,'2018-08-28','0',99,'67aae1b0130f47fe96b852f735193ad1',1,1,1,0,53,0,1,100),(691,4,'2018-08-28','0',452,'98eb9581edc94dfd84322e98c9ed4614',1,1,1,0,0,0,3,455),(692,4,'2018-08-28','0',100,'581522da44584f0884dc298f8e3899c0',1,1,1,0,0,0,0,100),(693,4,'2018-08-28','0',195,'e69682e34869413a92b28be38a2cb627',1,1,1,0,0,0,5,200),(694,4,'2018-08-28','0',172,'5ae9286cbe7a4709b948a66dd08f26be',1,1,1,0,0,0,28,200),(695,4,'2018-08-28','0',40,'8275bdbb030843b0a1fa391f940de1f5',1,1,1,0,0,0,60,100),(696,4,'2018-08-28','0',55,'7e814b1661ec426eb2970f6be7835ec5',1,1,1,0,0,0,45,100),(697,4,'2018-08-28','0',335,'ec4df90ac3ff40c48a4ba171fc9d7924',1,1,1,0,0,0,165,500),(698,4,'2018-08-28','0',35,'97232492a08846da831e886ec7ab350a',1,1,1,0,0,0,65,100),(699,4,'2018-08-28','0',45,'ab20656318d34fda9a8308190a126731',1,1,1,0,0,0,55,100),(700,4,'2018-08-29','0',105,'744c1279eaf34b3d962acf09092e2abc',1,1,1,0,0,0,15,120),(701,4,'2018-08-29','0',110,'7a018c2bc9774501b2eafa8f73989bc3',1,1,1,0,0,0,400,510),(702,4,'2018-08-29','0',60,'341c7e648e2d477193763eaafbdeff89',1,1,1,0,0,0,40,100),(703,4,'2018-08-29','0',75,'305edffa526f4654a24220843cc83ab4',1,1,1,0,0,0,125,200),(704,4,'2018-08-29','0',195,'57187a4547eb434f8b79a92d72781ff0',1,1,1,0,0,0,5,200),(705,4,'2018-08-29','0',45,'a06d82591dc64ee4ae402d7f193fd767',1,1,1,0,0,0,155,200),(706,4,'2018-08-29','0',50,'f8f470e28707426f834eb24ebd7daa1f',1,1,1,0,0,0,0,50),(707,4,'2018-08-29','0',80,'7d102143f38f411588310a3b64125a28',1,1,1,0,0,0,20,100),(708,4,'2018-08-29','0',45,'bf03d2806a3f4cca919c518bf9644c95',1,1,1,0,0,0,0,45),(709,4,'2018-08-30','e9b2bf77328c4cee9568e7ff93bcc277',44,'9e4533f01a0640ea986278c727ec3dae',1,1,1,11,0,0,6,50),(710,4,'2018-08-30','e9b2bf77328c4cee9568e7ff93bcc277',44,'203a6cfb437642a98bdf94e600d973cb',1,1,1,11,0,0,56,100),(711,4,'2018-08-30','e9b2bf77328c4cee9568e7ff93bcc277',44,'2f8e111f8557456ca61ab5a55f5a3e46',1,1,1,11,0,0,56,100),(712,4,'2018-08-30','e9b2bf77328c4cee9568e7ff93bcc277',88,'ba12032dd4ac4d5682260b3525862d1f',1,1,1,22,0,0,0,88),(713,4,'2018-08-30','0',70,'f7695551b34942018c79825ff085cae9',1,1,1,0,0,0,30,100),(714,4,'2018-08-30','e9b2bf77328c4cee9568e7ff93bcc277',48,'1b92b16963e64086ad1c2cb7d4117cdd',1,1,1,12,0,0,52,100),(715,4,'2018-08-30','0',90,'d879bfb2756842d6b3882fee5b189cdf',1,1,1,0,0,0,10,100),(716,4,'2018-08-30','0',105,'aa8e8577600b4822b8a6806a9d7b9bc4',1,1,1,0,0,0,0,105),(717,4,'2018-08-30','0',55,'58bfeb1986d54eb3bbd006ea43b35c76',1,1,1,0,0,0,0,55),(718,4,'2018-08-30','0',110,'b7ddb95003ca439ea754717b22f01bfc',1,1,1,0,0,0,0,110),(719,4,'2018-08-30','0',117,'fde821c5f46c4d62be745fe84f08f3ec',1,1,1,0,0,0,0,117),(720,4,'2018-08-30','0',91,'2fa50aefa34f427882046176cbe1c3d2',1,1,1,0,49,0,9,100),(721,4,'2018-08-30','0',55,'645e5dddab4347e4b5502d6dfe70a3ba',1,1,1,0,0,0,45,100),(722,4,'2018-08-30','0',105,'eda971cb634a4d419db4ec2f0b095213',1,1,1,0,0,0,0,105),(723,4,'2018-08-30','0',135,'4ac5b68759164eadba525622dd12b008',1,1,1,0,0,0,65,200),(724,4,'2018-08-30','0',45,'72332c5be40b44acbd8b2b54a3fca8c2',1,1,1,0,0,0,5,50),(725,4,'2018-08-30','0',240,'cecf206477f543999bcd2a65478eedc8',1,1,1,0,0,0,60,300),(726,4,'2018-08-30','0',110,'de1f9c5d66374c568574a532b29ce1dd',1,1,1,0,0,0,100,210),(727,4,'2018-08-30','0',55,'656ef1fcefd74f2191182d03077e1694',1,1,1,0,0,0,0,55),(728,4,'2018-08-30','0',100,'dc977a36a24e4f1aa8bc69e046bab48e',1,1,1,0,0,0,0,100),(729,4,'2018-08-30','0',165,'033501aa8f2144b4918d9ff46f2be99a',1,1,1,0,0,0,35,200),(730,4,'2018-08-30','0',365,'e54d421748a9405290a3c748bdf687fd',1,1,1,0,0,0,0,365);
/*!40000 ALTER TABLE `ventas` ENABLE KEYS */;
UNLOCK TABLES;

--
-- Table structure for table `vp`
--

DROP TABLE IF EXISTS `vp`;
/*!40101 SET @saved_cs_client     = @@character_set_client */;
/*!40101 SET character_set_client = utf8 */;
CREATE TABLE `vp` (
  `VpId` varchar(32) NOT NULL,
  `MesaId` varchar(32) NOT NULL,
  `Asiento` int(11) NOT NULL,
  `UsuarioId` int(11) NOT NULL,
  `ProductoId` int(11) NOT NULL,
  `SucursalId` int(11) NOT NULL,
  `Precio` int(11) NOT NULL,
  `Nota` varchar(500) NOT NULL,
  `EstatusId` int(11) NOT NULL,
  `Hora` time NOT NULL,
  `OrdenVenta` varchar(50) NOT NULL,
  `ban_pago` tinyint(1) NOT NULL,
  PRIMARY KEY (`VpId`),
  KEY `estatus_vp` (`EstatusId`),
  KEY `producto_vp` (`ProductoId`),
  KEY `sucursal_vp` (`SucursalId`),
  KEY `usuario_vp` (`UsuarioId`),
  CONSTRAINT `estatus_vp` FOREIGN KEY (`EstatusId`) REFERENCES `estatus` (`EstatusId`) ON DELETE CASCADE ON UPDATE CASCADE,
  CONSTRAINT `producto_vp` FOREIGN KEY (`ProductoId`) REFERENCES `productos` (`ProductoId`) ON DELETE CASCADE ON UPDATE CASCADE,
  CONSTRAINT `sucursal_vp` FOREIGN KEY (`SucursalId`) REFERENCES `sucursal` (`SucursalId`) ON DELETE CASCADE ON UPDATE CASCADE,
  CONSTRAINT `usuario_vp` FOREIGN KEY (`UsuarioId`) REFERENCES `usuario` (`UsuarioId`) ON DELETE CASCADE ON UPDATE CASCADE
) ENGINE=InnoDB DEFAULT CHARSET=latin1;
/*!40101 SET character_set_client = @saved_cs_client */;

--
-- Dumping data for table `vp`
--

LOCK TABLES `vp` WRITE;
/*!40000 ALTER TABLE `vp` DISABLE KEYS */;
/*!40000 ALTER TABLE `vp` ENABLE KEYS */;
UNLOCK TABLES;

--
-- Table structure for table `vpextras`
--

DROP TABLE IF EXISTS `vpextras`;
/*!40101 SET @saved_cs_client     = @@character_set_client */;
/*!40101 SET character_set_client = utf8 */;
CREATE TABLE `vpextras` (
  `VpExtraId` int(11) NOT NULL AUTO_INCREMENT,
  `ExtraId` int(11) NOT NULL,
  `VpId` varchar(32) NOT NULL,
  `Precio` int(11) NOT NULL,
  PRIMARY KEY (`VpExtraId`),
  KEY `extra` (`ExtraId`),
  KEY `vpextras` (`VpId`),
  CONSTRAINT `extra` FOREIGN KEY (`ExtraId`) REFERENCES `extas` (`ExtraId`) ON DELETE CASCADE ON UPDATE CASCADE
) ENGINE=InnoDB AUTO_INCREMENT=189 DEFAULT CHARSET=latin1;
/*!40101 SET character_set_client = @saved_cs_client */;

--
-- Dumping data for table `vpextras`
--

LOCK TABLES `vpextras` WRITE;
/*!40000 ALTER TABLE `vpextras` DISABLE KEYS */;
INSERT INTO `vpextras` VALUES (21,1,'6235e2cd89d44409ab4fb0998993a3e0',10),(22,1,'9481e1aa56804d559a94b2b8b3857aef',10),(23,1,'8b1a865d6307410589fb698c34e9d200',10),(24,1,'b195d45a0eb548ce955fda9275e1cc8f',10),(25,1,'bdbb53a0480c437fbfae15320ddfc4b9',10),(26,1,'4938f7fa3a7c4627908e9d35467214c5',10),(27,1,'f15052e657764da0ab23f7dfeb3c2c23',10),(28,1,'0ac9ac36a19f4ac3a9d6f793c02f5240',10),(29,1,'747aea2251df4584a33b3cc87d61ab8c',10),(30,1,'6dcff9f809ce4bccb018e786af2e0fdb',10),(31,1,'0d84c64dc93444a58d143c69c118a8fd',10),(32,1,'3391803c96304810913851ea7206189a',10),(33,1,'3520ab750ebb40589a6cd1d35220f204',10),(34,2,'fdf235e4cda343dea4574ed7b7a2d3bd',3),(35,2,'fdf235e4cda343dea4574ed7b7a2d3bd',3),(36,1,'6dae160a80c44d1ab7152f4b7beb5fa2',10),(37,1,'91482aeada494431a0617450d35e5ebd',10),(39,1,'370fe8a1903a426f971597ba841bc7a2',10),(40,1,'ef152768b0e145f6bedd0ae0cf64e1cf',10),(41,1,'89fb9b18ac0b40edbddf6f8a8103b698',10),(42,1,'02a0bdd7a1cb41f1a9783185352aa977',10),(43,1,'56d1343e5e0640eeb97c49b367c75b69',10),(44,1,'6b696249f6e743e1894b164cf8e0d1a7',10),(45,1,'d518dd84869c46db9835aad0e94fd37b',10),(46,1,'8b3c665a623f4d54b38ad47ec39b6000',10),(47,1,'1701d5d91e18453193501fdacfba388b',10),(48,1,'f22f10af9271422cb59895421fd676cb',10),(49,1,'2291f275deab44b59cffea59783733dc',10),(50,1,'034afa48e4f645648fac6316ef9a836e',10),(51,1,'01755e18b39e451ca805930d263edad3',10),(52,1,'1791cedd82d141dfaa428f26720c7b11',10),(53,1,'183436d2e4394811a5cb580acaff1649',10),(54,1,'1d185835e4d7417c9979b7424ed2e5cb',10),(55,1,'189381b92e444feab610552508891df8',10),(56,1,'189381b92e444feab610552508891df8',10),(57,1,'9a49393a6496443f8af4e9d2069d144b',10),(58,1,'9a49393a6496443f8af4e9d2069d144b',10),(59,1,'f75a0c6f68a84fbb801c3564746fa271',10),(60,1,'1df56dc708d84f638dafe56e0b799ce0',10),(61,1,'a52360d6983640329d5477d6b30d69f2',10),(62,1,'bb53cb60147f431097d4ae33bfe1b0df',10),(63,1,'f12d51630006466cbad9017dd5d35c48',10),(64,1,'40daf86cc3484caa90fa61cba6cebe48',10),(65,1,'63514b10ee77414f942a257ed6a32eb1',10),(70,1,'e58eba964c484328839a4908b28122a5',10),(71,1,'d96923e3342f4b10bfda6cbc7b29960f',10),(72,1,'bf1ac78bd8054644ad1cde2cf2fe5f69',10),(73,1,'97e56d5769f64f399836e2ebee4d2084',10),(74,1,'2501f0898d1c4d23b50effccac6fdba4',10),(75,1,'7ff06c699ef44a8b93a90fd94bf2f15c',10),(76,1,'ce654614e26c4af6baed936a07678cd9',10),(78,1,'3328f01f99684257898b6b61592ce468',10),(79,1,'a0be49cc527043de80c0ac460ce14fee',10),(80,1,'0f40d89cf5d64ec59fcf0625cfda65e8',10),(81,1,'b8890bb401c74ea3aaf4d20287b2a4d3',10),(82,1,'bbb708908f014a258eccaf89f43b1d3f',10),(83,1,'96d7e928b8b04ac18e90a547911b72d3',10),(84,1,'49e550c2e91e4f98982665c2a47f0e17',10),(85,1,'e1ddca85ad8740faa0e174298e97a111',10),(86,1,'e254678a884f4a489e57ccd22ac7a254',10),(87,1,'fde2bfdb85854ec0819a10bb241a36e0',10),(88,1,'8ab0c003f31c465cad1882634fd79065',10),(89,1,'94fc5f56def04a0483df5a007c2f0418',10),(90,1,'ecd5af1c0705453d81e9b55a3d959e98',10),(91,1,'46dac70388dc404e8b4ac48824dc0d7f',10),(92,1,'019dbf00923f4a0e8de132cd271c3df6',10),(94,1,'7bb1b4dc9c9c4fc588f754910e9ae8f6',10),(95,2,'c4fbd8cda3694132b467ae984995b68a',3),(96,1,'0d6c4533f5004206971a0f88d325b5dd',10),(97,1,'7c73eb00c24c48d59e47ef8915788e2c',10),(98,1,'97dff3413c2d46d1a48000dd0cce2c2f',10),(99,2,'15de9211a51344fb9d9a587b6decdebe',3),(100,2,'9f3d853aedc448198796da9d1acfe1d2',3),(101,1,'aafa5f80c96c4c529c9c563647f5593c',10),(102,1,'df4bf0ff1a9e4238b617778a452c1e93',10),(103,1,'81d767eeebac4f389ac7fed88230966a',10),(104,1,'30001ae1f25c492aa2f31ae1fab228e7',10),(105,1,'f78ff30984e546cfadfab1b862867a90',10),(106,1,'2c4dfd55d6674851b333885b61a27b82',10),(107,1,'90619c43ea8f4515a17725fc3d7191f7',10),(108,1,'9423b5df9e2946c7b6fc9d478a36992e',10),(109,1,'e7bbf5e8abee48648fb5cb351fb9a262',10),(110,1,'f65622dafda74cdab30c876620854e82',10),(111,1,'b7f154a1010a4822b3526448c2169e79',10),(112,1,'ddd37dca880844c8a7007ed95946a8dc',10),(113,1,'818116ac851d4eb5a2b4d8c1f112b506',10),(114,1,'9f098c638f3740f8b4efe66cd9c607bc',10),(115,1,'e47c3ec94b724f7f8feca8a2fb609367',10),(116,1,'e2a430a1f7ad4f6189afc14b54623104',10),(117,1,'c9587a76852248b5936e17d0caf02d53',10),(118,1,'90e82dc766764ad5833ef28f22feb076',10),(119,1,'04d3150ff0374ddc921973bee367c147',10),(120,1,'5deb94f0860d4703970919191f9d2de8',10),(121,1,'27c18a4056dd4290978e9a5e49d8f416',10),(122,1,'391dd38ae26046e280f10b061447d4ee',10),(123,1,'4fc3974a5add4e1e8a420003d4afcd29',10),(124,1,'b429d0b186bb4732a2832f64d53f52f8',10),(127,1,'b3306f52e9ba4b7db36ac0ac6fdf1b9f',10),(128,1,'e7570962e64c41fc9f6631732c591200',10),(129,1,'01b24ef79af14b8e945edf05a21e9cb8',10),(130,1,'c7130f56f0c94ab5b0722d104386870f',10),(132,1,'8120ec834a0246c3a0e4cfa56c457b20',10),(133,1,'da5f4e387a274bad8d52f515e95c1b0e',10),(134,1,'92898ee230524ba1893bc83d986db0a0',10),(135,1,'ba27740aa42b4b8f8a3ae548609a487b',10),(136,1,'37b03e8eb90341beb9adfcc74445263d',10),(137,1,'d425a08963ad48d0ab24444ad1c67e41',10),(138,1,'0168a8d253c84ecda5db7286d7a10123',10),(139,1,'ab3ff88ab28645e6b54822483b0b2b78',10),(140,1,'ab323529fb33432d94336bf98fba737c',10),(141,1,'cf98f5fb1f9b4553b0a10fee19a07cea',10),(142,1,'ea49aceea0564330b63c2c55ec681b92',10),(143,1,'bbef3cb4907748e5b49581094bfdce0e',10),(144,1,'68a24bc87c644783baa6a3eca1161c70',10),(145,1,'70faf1e9103d4601a55dcf682a3b6a40',10),(146,1,'475c7760e80a4fc9bdf56b533e310eda',10),(147,1,'c7967c5e38614138830522003822b3c3',10),(148,1,'646c565a1a684179b76660545621bafd',10),(149,1,'feb8e00921914f1a880f3bb72a1f7f76',10),(150,1,'94b52eaad444474e9d9d6d1d8315c91b',10),(151,1,'27fff6b4478a48e89fbe631257989da8',10),(152,1,'e6f019242a6f4cca9f13593867c99b3f',10),(153,1,'aea197f37f99405bad6f2405513e5223',10),(154,1,'66a36787681a492e8bd5c1591e0ff955',10),(155,1,'a7c9a0218f604e5d8c3bdf29758359e7',10),(156,1,'94ed68927e86426d9403725b258c8c24',10),(157,1,'d8a2b00ce9e74e8f9e401d600e2bd130',10),(158,1,'9199839b6c0d4121b05b049956785a2b',12),(159,1,'dac5493594e8401ab17c4d405df6bc3d',12),(160,1,'12f84112647442049361326135f6f208',12),(161,1,'49571a6a6f7f43afb232482b36390d45',12),(162,1,'47be95b8498647d3907b9082de1c8d93',12),(163,1,'4335261223684ad099f2973e4cb81e4e',12),(164,1,'c9dcfe3bc4d34f52b92ae31d7dc57a10',12),(166,1,'bda06f17106a416b9142a50934dbc25e',12),(167,1,'e39ef63f374042848287fd431ce5c136',12),(168,1,'4f0011b2e240443aa3f7f787d55b0706',12),(169,3,'0f7fd43402ee45a4a5fa8e25d181ea98',7),(170,1,'0ec9c7606dbe44febaa8ea29e7acfc60',12),(171,1,'4dbef8228dbf4fac818ceacb41fd33de',12),(172,1,'f7238f90895f43a48fde0b1923810939',12),(173,1,'2067c0c7b52846a38f6dc8d18448a73c',12),(175,5,'e0307d2cf0a04289b1a07f91e044d4de',5),(176,1,'3a9b856cb85240d58719a3c104a3c12d',12),(177,1,'69336a04523540e984849adaae4e168c',12),(178,1,'1e3c331f33244926a354a044b71aa889',12),(179,1,'6e5fbfffdab94f52b0da994cd773c971',12),(181,1,'0a08a08124824bef9643eecde27ff147',12),(182,1,'430a28516a7d468bbca3e68e47c9a058',12),(183,1,'e68c3c5cfed54e23abf4417e3cc9ca61',12),(185,1,'3355efc93bf246c6b8833353a9a67241',12),(186,1,'7f9762c4368c44ec8a96b8afb976f055',12),(187,1,'5205da8da69f48079707539239d9d929',12),(188,1,'5384005f3cce4cb8816e711dd5f0eeb2',12);
/*!40000 ALTER TABLE `vpextras` ENABLE KEYS */;
UNLOCK TABLES;
/*!40103 SET TIME_ZONE=@OLD_TIME_ZONE */;

/*!40101 SET SQL_MODE=@OLD_SQL_MODE */;
/*!40014 SET FOREIGN_KEY_CHECKS=@OLD_FOREIGN_KEY_CHECKS */;
/*!40014 SET UNIQUE_CHECKS=@OLD_UNIQUE_CHECKS */;
/*!40101 SET CHARACTER_SET_CLIENT=@OLD_CHARACTER_SET_CLIENT */;
/*!40101 SET CHARACTER_SET_RESULTS=@OLD_CHARACTER_SET_RESULTS */;
/*!40101 SET COLLATION_CONNECTION=@OLD_COLLATION_CONNECTION */;
/*!40111 SET SQL_NOTES=@OLD_SQL_NOTES */;

-- Dump completed on 2018-08-31 13:45:18
